file_name,is_pest
ants (491).jpg,0
ants (264).jpg,0
ants (307).jpg,0
ants (384).jpg,0
ants (463).jpg,0
ants (80).jpg,0
ants (9).jpg,0
ants (200).jpg,0
ants (236).jpg,0
ants (309).jpg,0
ants (310).jpg,0
ants (407).jpg,0
ants (209).jpg,0
ants (66).jpg,0
ants (255).jpg,0
ants (457).jpg,0
ants (206).jpg,0
ants (251).jpg,0
ants (218).jpg,0
ants (486).jpg,0
ants (208).jpg,0
ants (225).jpg,0
ants (74).jpg,0
ants (353).jpg,0
ants (90).jpg,0
ants (489).jpg,0
ants (331).jpg,0
ants (188).jpg,0
ants (58).jpg,0
ants (215).jpg,0
ants (419).jpg,0
ants (33).jpg,0
ants (350).jpg,0
ants (414).jpg,0
ants (490).jpg,0
ants (36).jpg,0
ants (428).jpg,0
ants (441).jpg,0
ants (411).jpg,0
ants (49).jpg,0
ants (24).jpg,0
ants (369).jpg,0
ants (327).jpg,0
ants (67).jpg,0
ants (482).jpg,0
ants (336).jpg,0
ants (479).jpg,0
ants (329).jpg,0
ants (299).jpg,0
ants (494).jpg,0
ants (93).jpg,0
ants (464).jpg,0
ants (392).jpg,0
ants (59).jpg,0
ants (326).jpg,0
ants (427).jpg,0
ants (262).jpg,0
ants (6).jpg,0
ants (7).jpg,0
ants (22).jpg,0
ants (377).jpg,0
ants (39).jpg,0
ants (269).jpg,0
ants (303).jpg,0
ants (362).jpg,0
ants (203).jpg,0
ants (217).jpg,0
ants (219).jpg,0
ants (484).jpg,0
ants (201).jpg,0
ants (296).jpg,0
ants (223).jpg,0
ants (88).jpg,0
ants (239).jpg,0
ants (449).jpg,0
ants (288).jpg,0
ants (401).jpg,0
ants (304).jpg,0
ants (243).jpg,0
ants (341).jpg,0
ants (379).jpg,0
ants (183).jpg,0
ants (257).jpg,0
ants (496).jpg,0
ants (27).jpg,0
ants (249).jpg,0
ants (372).jpg,0
ants (483).jpg,0
ants (63).jpg,0
ants (199).jpg,0
ants (300).jpg,0
ants (275).jpg,0
ants (25).jpg,0
ants (71).jpg,0
ants (410).jpg,0
ants (439).jpg,0
ants (242).jpg,0
ants (271).jpg,0
ants (281).jpg,0
ants (28).jpg,0
ants (279).jpg,0
ants (229).jpg,0
ants (46).jpg,0
ants (488).jpg,0
ants (430).jpg,0
ants (412).jpg,0
ants (356).jpg,0
ants (19).jpg,0
ants (476).jpg,0
ants (471).jpg,0
ants (291).jpg,0
ants (289).jpg,0
ants (334).jpg,0
ants (485).jpg,0
ants (233).jpg,0
ants (204).jpg,0
ants (495).jpg,0
ants (194).jpg,0
ants (83).jpg,0
ants (265).jpg,0
ants (314).jpg,0
ants (470).jpg,0
ants (364).jpg,0
ants (214).jpg,0
ants (498).jpg,0
ants (460).jpg,0
ants (472).jpg,0
ants (452).jpg,0
ants (380).jpg,0
ants (221).jpg,0
ants (298).jpg,0
ants (202).jpg,0
ants (232).jpg,0
ants (354).jpg,0
ants (238).jpg,0
ants (406).jpg,0
ants (228).jpg,0
ants (487).jpg,0
ants (305).jpg,0
ants (415).jpg,0
ants (261).jpg,0
ants (260).jpg,0
ants (96).jpg,0
ants (8).jpg,0
ants (477).jpg,0
ants (367).jpg,0
ants (311).jpg,0
ants (227).jpg,0
ants (493).jpg,0
ants (258).jpg,0
ants (297).jpg,0
ants (53).jpg,0
ants (47).jpg,0
ants (55).jpg,0
ants (230).jpg,0
ants (287).jpg,0
ants (247).jpg,0
ants (272).jpg,0
ants (306).jpg,0
ants (266).jpg,0
ants (94).jpg,0
ants (278).jpg,0
ants (388).jpg,0
ants (338).jpg,0
ants (446).jpg,0
ants (435).jpg,0
ants (328).jpg,0
ants (394).jpg,0
ants (237).jpg,0
ants (185).jpg,0
ants (78).jpg,0
ants (65).jpg,0
ants (458).jpg,0
ants (54).jpg,0
ants (423).jpg,0
ants (381).jpg,0
ants (293).jpg,0
ants (478).jpg,0
ants (274).jpg,0
ants (234).jpg,0
ants (210).jpg,0
ants (402).jpg,0
ants (429).jpg,0
ants (277).jpg,0
ants (451).jpg,0
ants (335).jpg,0
ants (212).jpg,0
ants (254).jpg,0
ants (207).jpg,0
ants (193).jpg,0
ants (301).jpg,0
ants (387).jpg,0
ants (253).jpg,0
ants (60).jpg,0
ants (358).jpg,0
ants (62).jpg,0
ants (69).jpg,0
ants (466).jpg,0
ants (424).jpg,0
ants (285).jpg,0
ants (480).jpg,0
ants (469).jpg,0
ants (216).jpg,0
ants (192).jpg,0
ants (318).jpg,0
ants (40).jpg,0
ants (50).jpg,0
ants (87).jpg,0
ants (273).jpg,0
ants (383).jpg,0
ants (366).jpg,0
ants (400).jpg,0
ants (371).jpg,0
ants (99).jpg,0
ants (342).jpg,0
ants (357).jpg,0
ants (378).jpg,0
ants (404).jpg,0
ants (86).jpg,0
ants (432).jpg,0
ants (37).jpg,0
ants (91).jpg,0
ants (81).jpg,0
ants (2).jpg,0
ants (248).jpg,0
ants (3).jpg,0
ants (75).jpg,0
ants (44).jpg,0
ants (397).jpg,0
ants (444).jpg,0
ants (462).jpg,0
ants (363).jpg,0
ants (98).jpg,0
ants (240).jpg,0
ants (319).jpg,0
ants (280).jpg,0
ants (448).jpg,0
ants (23).jpg,0
ants (399).jpg,0
ants (284).jpg,0
ants (35).jpg,0
ants (373).jpg,0
ants (282).jpg,0
ants (389).jpg,0
ants (315).jpg,0
ants (31).jpg,0
ants (189).jpg,0
ants (211).jpg,0
ants (349).jpg,0
ants (375).jpg,0
ants (191).jpg,0
ants (456).jpg,0
ants (365).jpg,0
ants (48).jpg,0
ants (4).jpg,0
ants (76).jpg,0
ants (220).jpg,0
ants (283).jpg,0
ants (97).jpg,0
ants (339).jpg,0
ants (345).jpg,0
ants (374).jpg,0
ants (325).jpg,0
ants (431).jpg,0
ants (43).jpg,0
ants (442).jpg,0
ants (196).jpg,0
ants (475).jpg,0
ants (382).jpg,0
ants (340).jpg,0
ants (195).jpg,0
ants (79).jpg,0
ants (252).jpg,0
ants (244).jpg,0
ants (474).jpg,0
ants (92).jpg,0
ants (68).jpg,0
ants (481).jpg,0
ants (465).jpg,0
ants (416).jpg,0
ants (436).jpg,0
ants (89).jpg,0
ants (316).jpg,0
ants (437).jpg,0
ants (438).jpg,0
ants (467).jpg,0
ants (409).jpg,0
ants (425).jpg,0
ants (455).jpg,0
ants (5).jpg,0
ants (235).jpg,0
ants (396).jpg,0
ants (41).jpg,0
ants (84).jpg,0
ants (259).jpg,0
ants (231).jpg,0
ants (20).jpg,0
ants (321).jpg,0
ants (445).jpg,0
ants (205).jpg,0
ants (413).jpg,0
ants (368).jpg,0
ants (302).jpg,0
ants (433).jpg,0
ants (187).jpg,0
ants (385).jpg,0
ants (434).jpg,0
ants (224).jpg,0
ants (42).jpg,0
ants (70).jpg,0
ants (421).jpg,0
ants (64).jpg,0
ants (418).jpg,0
ants (77).jpg,0
ants (34).jpg,0
ants (361).jpg,0
ants (453).jpg,0
ants (420).jpg,0
ants (292).jpg,0
ants (276).jpg,0
ants (347).jpg,0
ants (322).jpg,0
ants (250).jpg,0
ants (245).jpg,0
ants (360).jpg,0
ants (395).jpg,0
ants (443).jpg,0
ants (348).jpg,0
ants (56).jpg,0
ants (355).jpg,0
ants (270).jpg,0
ants (294).jpg,0
ants (295).jpg,0
ants (256).jpg,0
ants (45).jpg,0
ants (323).jpg,0
ants (30).jpg,0
ants (351).jpg,0
ants (333).jpg,0
ants (352).jpg,0
ants (454).jpg,0
ants (461).jpg,0
ants (492).jpg,0
ants (290).jpg,0
ants (57).jpg,0
ants (51).jpg,0
ants (343).jpg,0
ants (186).jpg,0
ants (320).jpg,0
ants (386).jpg,0
ants (332).jpg,0
ants (241).jpg,0
ants (197).jpg,0
ants (246).jpg,0
ants (182).jpg,0
ants (286).jpg,0
ants (222).jpg,0
ants (308).jpg,0
ants (422).jpg,0
ants (324).jpg,0
ants (317).jpg,0
ants (417).jpg,0
ants (95).jpg,0
ants (450).jpg,0
ants (190).jpg,0
ants (337).jpg,0
ants (226).jpg,0
ants (112).jpg,0
ants (12).jpg,0
ants (170).jpg,0
ants (131).jpg,0
ants (135).jpg,0
ants (312).jpg,0
ants (440).jpg,0
ants (145).jpg,0
ants (103).jpg,0
ants (268).jpg,0
ants (113).jpg,0
ants (105).jpg,0
ants (398).jpg,0
ants (100).jpg,0
ants (101).jpg,0
ants (73).jpg,0
ants (127).jpg,0
ants (175).jpg,0
ants (156).jpg,0
ants (267).jpg,0
ants (473).jpg,0
ants (390).jpg,0
ants (164).jpg,0
ants (344).jpg,0
ants (198).jpg,0
ants (125).jpg,0
ants (163).jpg,0
ants (106).jpg,0
ants (110).jpg,0
ants (107).jpg,0
ants (167).jpg,0
ants (108).jpg,0
ants (122).jpg,0
ants (82).jpg,0
ants (16).jpg,0
ants (184).jpg,0
ants (152).jpg,0
ants (38).jpg,0
ants (117).jpg,0
ants (376).jpg,0
ants (370).jpg,0
ants (32).jpg,0
ants (137).jpg,0
ants (26).jpg,0
ants (142).jpg,0
ants (21).jpg,0
ants (72).jpg,0
ants (359).jpg,0
ants (403).jpg,0
ants (148).jpg,0
ants (160).jpg,0
ants (497).jpg,0
ants (330).jpg,0
ants (17).jpg,0
ants (126).jpg,0
ants (52).jpg,0
ants (29).jpg,0
ants (393).jpg,0
ants (405).jpg,0
ants (426).jpg,0
ants (391).jpg,0
ants (85).jpg,0
ants (176).jpg,0
ants (447).jpg,0
ants (173).jpg,0
ants (213).jpg,0
ants (143).jpg,0
ants (159).jpg,0
ants (408).jpg,0
ants (346).jpg,0
ants (263).jpg,0
ants (109).jpg,0
ants (144).jpg,0
ants (313).jpg,0
ants (459).jpg,0
ants (168).jpg,0
ants (468).jpg,0
ants (118).jpg,0
ants (1).jpg,0
ants (138).jpg,0
ants (132).jpg,0
ants (155).jpg,0
ants (166).jpg,0
ants (180).jpg,0
ants (139).jpg,0
ants (116).jpg,0
ants (133).jpg,0
ants (161).jpg,0
ants (171).jpg,0
ants (102).jpg,0
ants (123).jpg,0
ants (151).jpg,0
ants (14).jpg,0
ants (147).jpg,0
ants (149).jpg,0
ants (181).jpg,0
ants (172).jpg,0
ants (174).jpg,0
ants (11).jpg,0
ants (153).jpg,0
ants (111).jpg,0
ants (115).jpg,0
ants (61).jpg,0
ants (162).jpg,0
ants (141).jpg,0
ants (134).jpg,0
ants (114).jpg,0
ants (157).jpg,0
ants (124).jpg,0
ants (179).jpg,0
ants (130).jpg,0
ants (158).jpg,0
ants (104).jpg,0
ants (121).jpg,0
ants (119).jpg,0
ants (169).jpg,0
ants (140).jpg,0
ants (177).jpg,0
ants (178).jpg,0
ants (146).jpg,0
ants (10).jpg,0
ants (136).jpg,0
ants (15).jpg,0
ants (13).jpg,0
ants (128).jpg,0
ants (120).jpg,0
ants (129).jpg,0
ants (150).jpg,0
ants (165).jpg,0
ants (154).jpg,0
ants (1).png,0
ants (18).jpg,0
