file_name,is_pest
bees (393).jpg,0
bees (77).jpg,0
bees (430).jpg,0
bees (420).jpg,0
bees (454).jpg,0
bees (48).jpg,0
bees (486).jpg,0
bees (489).jpg,0
bees (381).jpg,0
bees (467).jpg,0
bees (415).jpg,0
bees (88).jpg,0
bees (414).jpg,0
bees (436).jpg,0
bees (488).jpg,0
bees (395).jpg,0
bees (453).jpg,0
bees (462).jpg,0
bees (458).jpg,0
bees (429).jpg,0
bees (484).jpg,0
bees (438).jpg,0
bees (66).jpg,0
bees (423).jpg,0
bees (71).jpg,0
bees (473).jpg,0
bees (451).jpg,0
bees (52).jpg,0
bees (494).jpg,0
bees (500).jpg,0
bees (421).jpg,0
bees (65).jpg,0
bees (407).jpg,0
bees (405).jpg,0
bees (59).jpg,0
bees (40).jpg,0
bees (89).jpg,0
bees (464).jpg,0
bees (408).jpg,0
bees (94).jpg,0
bees (50).jpg,0
bees (466).jpg,0
bees (76).jpg,0
bees (74).jpg,0
bees (398).jpg,0
bees (472).jpg,0
bees (85).jpg,0
bees (96).jpg,0
bees (463).jpg,0
bees (44).jpg,0
bees (7).jpg,0
bees (499).jpg,0
bees (95).jpg,0
bees (379).jpg,0
bees (490).jpg,0
bees (434).jpg,0
bees (448).jpg,0
bees (413).jpg,0
bees (42).jpg,0
bees (426).jpg,0
bees (84).jpg,0
bees (383).jpg,0
bees (497).jpg,0
bees (449).jpg,0
bees (401).jpg,0
bees (493).jpg,0
bees (417).jpg,0
bees (441).jpg,0
bees (475).jpg,0
bees (47).jpg,0
bees (419).jpg,0
bees (402).jpg,0
bees (439).jpg,0
bees (478).jpg,0
bees (470).jpg,0
bees (459).jpg,0
bees (431).jpg,0
bees (382).jpg,0
bees (396).jpg,0
bees (391).jpg,0
bees (51).jpg,0
bees (378).jpg,0
bees (468).jpg,0
bees (477).jpg,0
bees (498).jpg,0
bees (385).jpg,0
bees (424).jpg,0
bees (82).jpg,0
bees (479).jpg,0
bees (55).jpg,0
bees (388).jpg,0
bees (452).jpg,0
bees (61).jpg,0
bees (492).jpg,0
bees (480).jpg,0
bees (432).jpg,0
bees (481).jpg,0
bees (53).jpg,0
bees (482).jpg,0
bees (99).jpg,0
bees (98).jpg,0
bees (46).jpg,0
bees (83).jpg,0
bees (384).jpg,0
bees (416).jpg,0
bees (496).jpg,0
bees (38).jpg,0
bees (487).jpg,0
bees (79).jpg,0
bees (437).jpg,0
bees (43).jpg,0
bees (45).jpg,0
bees (93).jpg,0
bees (440).jpg,0
bees (86).jpg,0
bees (397).jpg,0
bees (97).jpg,0
bees (9).jpg,0
bees (465).jpg,0
bees (456).jpg,0
bees (433).jpg,0
bees (386).jpg,0
bees (403).jpg,0
bees (461).jpg,0
bees (63).jpg,0
bees (406).jpg,0
bees (418).jpg,0
bees (5).jpg,0
bees (435).jpg,0
bees (428).jpg,0
bees (446).jpg,0
bees (445).jpg,0
bees (78).jpg,0
bees (81).jpg,0
bees (80).jpg,0
bees (39).jpg,0
bees (457).jpg,0
bees (387).jpg,0
bees (474).jpg,0
bees (68).jpg,0
bees (67).jpg,0
bees (49).jpg,0
bees (412).jpg,0
bees (469).jpg,0
bees (91).jpg,0
bees (404).jpg,0
bees (87).jpg,0
bees (444).jpg,0
bees (64).jpg,0
bees (41).jpg,0
bees (389).jpg,0
bees (399).jpg,0
bees (455).jpg,0
bees (411).jpg,0
bees (73).jpg,0
bees (62).jpg,0
bees (57).jpg,0
bees (400).jpg,0
bees (75).jpg,0
bees (72).jpg,0
bees (476).jpg,0
bees (8).jpg,0
bees (69).jpg,0
bees (425).jpg,1
bees (410).jpg,0
bees (90).jpg,0
bees (450).jpg,0
bees (92).jpg,0
bees (60).jpg,0
bees (58).jpg,0
bees (460).jpg,0
bees (56).jpg,0
bees (483).jpg,0
bees (409).jpg,0
bees (156).jpg,0
bees (296).jpg,0
bees (304).jpg,0
bees (336).jpg,0
bees (110).jpg,0
bees (345).jpg,0
bees (229).jpg,0
bees (262).jpg,0
bees (184).jpg,0
bees (443).jpg,0
bees (115).jpg,0
bees (34).jpg,0
bees (268).jpg,0
bees (298).jpg,0
bees (175).jpg,0
bees (427).jpg,0
bees (21).jpg,0
bees (242).jpg,0
bees (339).jpg,0
bees (471).jpg,0
bees (260).jpg,0
bees (274).jpg,0
bees (341).jpg,0
bees (12).jpg,0
bees (13).jpg,0
bees (163).jpg,0
bees (215).jpg,0
bees (226).jpg,0
bees (380).jpg,0
bees (244).jpg,0
bees (374).jpg,0
bees (248).jpg,0
bees (320).jpg,0
bees (190).jpg,0
bees (392).jpg,0
bees (138).jpg,0
bees (182).jpg,0
bees (6).jpg,0
bees (189).jpg,0
bees (37).jpg,0
bees (442).jpg,0
bees (14).jpg,0
bees (54).jpg,0
bees (133).jpg,0
bees (394).jpg,0
bees (485).jpg,0
bees (20).jpg,0
bees (270).jpg,0
bees (166).jpg,0
bees (390).jpg,0
bees (255).jpg,0
bees (169).jpg,1
bees (303).jpg,0
bees (171).jpg,0
bees (491).jpg,0
bees (191).jpg,0
bees (152).jpg,0
bees (447).jpg,0
bees (344).jpg,0
bees (23).jpg,0
bees (234).jpg,0
bees (365).jpg,0
bees (495).jpg,0
bees (377).jpg,0
bees (292).jpg,0
bees (200).jpg,0
bees (111).jpg,0
bees (354).jpg,0
bees (319).jpg,0
bees (205).jpg,0
bees (422).jpg,0
bees (151).jpg,0
bees (321).jpg,0
bees (27).jpg,0
bees (70).jpg,0
bees (18).jpg,0
bees (4).jpg,0
bees (249).jpg,0
bees (310).jpg,0
bees (149).jpg,0
bees (204).jpg,0
bees (290).jpg,0
bees (124).jpg,0
bees (239).jpg,0
bees (217).jpg,0
bees (364).jpg,0
bees (176).jpg,0
bees (302).jpg,0
bees (146).jpg,0
bees (258).jpg,0
bees (241).jpg,0
bees (280).jpg,0
bees (315).jpg,0
bees (273).jpg,0
bees (125).jpg,0
bees (174).jpg,0
bees (366).jpg,0
bees (281).jpg,0
bees (183).jpg,0
bees (349).jpg,0
bees (193).jpg,0
bees (158).jpg,0
bees (297).jpg,0
bees (254).jpg,0
bees (213).jpg,0
bees (178).jpg,0
bees (293).jpg,0
bees (216).jpg,0
bees (160).jpg,0
bees (192).jpg,0
bees (104).jpg,0
bees (372).jpg,0
bees (107).jpg,0
bees (185).jpg,0
bees (31).jpg,0
bees (150).jpg,0
bees (306).jpg,0
bees (307).jpg,0
bees (219).jpg,0
bees (338).jpg,0
bees (340).jpg,0
bees (278).jpg,0
bees (367).jpg,0
bees (288).jpg,0
bees (348).jpg,0
bees (220).jpg,0
bees (187).jpg,0
bees (240).jpg,0
bees (272).jpg,0
bees (159).jpg,0
bees (247).jpg,0
bees (305).jpg,0
bees (196).jpg,0
bees (369).jpg,0
bees (173).jpg,0
bees (123).jpg,0
bees (19).jpg,0
bees (358).jpg,0
bees (218).jpg,0
bees (291).jpg,0
bees (324).jpg,0
bees (277).jpg,0
bees (300).jpg,0
bees (180).jpg,0
bees (206).jpg,0
bees (233).jpg,0
bees (362).jpg,0
bees (314).jpg,0
bees (194).jpg,0
bees (265).jpg,0
bees (148).jpg,0
bees (259).jpg,0
bees (167).jpg,0
bees (342).jpg,0
bees (350).jpg,0
bees (269).jpg,0
bees (128).jpg,0
bees (232).jpg,0
bees (25).jpg,0
bees (361).jpg,0
bees (263).jpg,0
bees (132).jpg,0
bees (282).jpg,0
bees (295).jpg,0
bees (208).jpg,0
bees (264).jpg,0
bees (33).jpg,0
bees (227).jpg,0
bees (165).jpg,0
bees (375).jpg,0
bees (333).jpg,0
bees (143).jpg,0
bees (211).jpg,0
bees (323).jpg,0
bees (214).jpg,0
bees (309).jpg,0
bees (154).jpg,0
bees (181).jpg,0
bees (188).jpg,0
bees (318).jpg,0
bees (299).jpg,0
bees (141).jpg,0
bees (157).jpg,0
bees (346).jpg,0
bees (105).jpg,0
bees (284).jpg,0
bees (356).jpg,0
bees (15).jpg,0
bees (139).jpg,0
bees (130).jpg,0
bees (347).jpg,0
bees (145).jpg,0
bees (209).jpg,0
bees (186).jpg,0
bees (308).jpg,0
bees (35).jpg,0
bees (170).jpg,0
bees (335).jpg,0
bees (294).jpg,0
bees (283).jpg,0
bees (28).jpg,0
bees (328).jpg,0
bees (2).jpg,0
bees (136).jpg,0
bees (317).jpg,0
bees (276).jpg,0
bees (237).jpg,0
bees (108).jpg,0
bees (147).jpg,0
bees (172).jpg,0
bees (29).jpg,0
bees (330).jpg,0
bees (261).jpg,0
bees (137).jpg,0
bees (301).jpg,0
bees (135).jpg,0
bees (103).jpg,0
bees (109).jpg,0
bees (246).jpg,0
bees (129).jpg,0
bees (331).jpg,0
bees (195).jpg,0
bees (153).jpg,0
bees (327).jpg,0
bees (134).jpg,0
bees (326).jpg,0
bees (243).jpg,0
bees (127).jpg,0
bees (363).jpg,0
bees (371).jpg,0
bees (199).jpg,0
bees (30).jpg,0
bees (337).jpg,0
bees (122).jpg,0
bees (112).jpg,0
bees (164).jpg,0
bees (357).jpg,0
bees (210).jpg,0
bees (312).jpg,0
bees (252).jpg,0
bees (177).jpg,0
bees (332).jpg,0
bees (359).jpg,0
bees (353).jpg,0
bees (16).jpg,0
bees (10).jpg,0
bees (253).jpg,0
bees (250).jpg,0
bees (223).jpg,0
bees (168).jpg,0
bees (22).jpg,0
bees (207).jpg,0
bees (101).jpg,0
bees (32).jpg,0
bees (212).jpg,0
bees (289).jpg,0
bees (275).jpg,0
bees (228).jpg,0
bees (24).jpg,0
bees (376).jpg,0
bees (286).jpg,0
bees (322).jpg,0
bees (144).jpg,0
bees (352).jpg,0
bees (231).jpg,0
bees (256).jpg,0
bees (251).jpg,0
bees (222).jpg,0
bees (36).jpg,0
bees (221).jpg,0
bees (271).jpg,0
bees (117).jpg,0
bees (313).jpg,0
bees (334).jpg,0
bees (131).jpg,0
bees (235).jpg,0
bees (106).jpg,0
bees (355).jpg,0
bees (11).jpg,0
bees (161).jpg,0
bees (267).jpg,0
bees (140).jpg,0
bees (198).jpg,0
bees (201).jpg,0
bees (329).jpg,0
bees (155).jpg,0
bees (373).jpg,0
bees (285).jpg,0
bees (179).jpg,0
bees (279).jpg,0
bees (266).jpg,0
bees (351).jpg,0
bees (114).jpg,0
bees (245).jpg,0
bees (236).jpg,0
bees (121).jpg,0
bees (126).jpg,0
bees (370).jpg,0
bees (230).jpg,0
bees (202).jpg,0
bees (100).jpg,0
bees (368).jpg,0
bees (26).jpg,0
bees (316).jpg,0
bees (118).jpg,0
bees (120).jpg,0
bees (360).jpg,0
bees (197).jpg,0
bees (119).jpg,0
bees (203).jpg,0
bees (257).jpg,0
bees (3).jpg,0
bees (343).jpg,0
bees (17).jpg,0
bees (325).jpg,0
bees (116).jpg,0
bees (224).jpg,0
bees (287).jpg,0
bees (225).jpg,0
bees (1).jpg,0
bees (113).jpg,0
bees (102).jpg,0
bees (238).jpg,0
bees (142).jpg,0
bees (311).jpg,0
bees (162).jpg,0
