file_name,is_pest
catterpillar (128).jpg,1
catterpillar (403).jpg,1
catterpillar (85).jpg,1
catterpillar (134).jpg,1
catterpillar (137).jpg,1
catterpillar (328).jpg,1
catterpillar (20).jpg,1
catterpillar (295).jpg,1
catterpillar (229).jpg,1
catterpillar (343).jpg,1
catterpillar (212).jpg,1
catterpillar (402).jpg,1
catterpillar (392).jpg,1
catterpillar (162).jpg,1
catterpillar (448).jpg,1
catterpillar (347).jpg,1
catterpillar (245).jpg,1
catterpillar (332).jpg,1
catterpillar (276).jpg,1
catterpillar (260).jpg,1
catterpillar (351).jpg,1
catterpillar (237).jpg,1
catterpillar (400).jpg,1
catterpillar (394).jpg,1
catterpillar (36).jpg,1
catterpillar (385).jpg,1
catterpillar (266).jpg,1
catterpillar (370).jpg,1
catterpillar (142).jpg,1
catterpillar (181).jpg,1
catterpillar (294).jpg,1
catterpillar (145).jpg,1
catterpillar (92).jpg,1
catterpillar (291).jpg,1
catterpillar (246).jpg,1
catterpillar (421).jpg,1
catterpillar (159).jpg,1
catterpillar (148).jpg,1
catterpillar (256).jpg,1
catterpillar (292).jpg,1
catterpillar (214).jpg,1
catterpillar (194).jpg,1
catterpillar (284).jpg,1
catterpillar (210).jpg,1
catterpillar (364).jpg,1
catterpillar (411).jpg,1
catterpillar (331).jpg,1
catterpillar (42).jpg,1
catterpillar (99).jpg,1
catterpillar (14).jpg,1
catterpillar (136).jpg,1
catterpillar (209).jpg,1
catterpillar (281).jpg,1
catterpillar (70).jpg,1
catterpillar (410).jpg,1
catterpillar (34).jpg,1
catterpillar (127).jpg,1
catterpillar (427).jpg,1
catterpillar (71).jpg,1
catterpillar (17).jpg,0
catterpillar (282).jpg,1
catterpillar (322).jpg,1
catterpillar (166).jpg,1
catterpillar (6).jpg,1
catterpillar (446).jpg,1
catterpillar (45).jpg,1
catterpillar (271).jpg,1
catterpillar (141).jpg,1
catterpillar (5).jpg,1
catterpillar (200).jpg,1
catterpillar (440).jpg,1
catterpillar (387).jpg,1
catterpillar (184).jpg,1
catterpillar (449).jpg,1
catterpillar (252).jpg,1
catterpillar (261).jpg,1
catterpillar (163).jpg,1
catterpillar (150).jpg,1
catterpillar (193).jpg,1
catterpillar (228).jpg,1
catterpillar (391).jpg,1
catterpillar (47).jpg,1
catterpillar (60).jpg,1
catterpillar (389).jpg,1
catterpillar (38).jpg,1
catterpillar (434).jpg,1
catterpillar (24).jpg,1
catterpillar (185).jpg,1
catterpillar (171).jpg,1
catterpillar (363).jpg,1
catterpillar (180).jpg,1
catterpillar (396).jpg,1
catterpillar (405).jpg,1
catterpillar (4).jpg,1
catterpillar (290).jpg,0
catterpillar (318).jpg,1
catterpillar (2).jpg,1
catterpillar (211).jpg,1
catterpillar (55).jpg,1
catterpillar (129).jpg,1
catterpillar (54).jpg,1
catterpillar (138).jpg,1
catterpillar (255).jpg,1
catterpillar (217).jpg,1
catterpillar (297).jpg,1
catterpillar (73).jpg,1
catterpillar (207).jpg,1
catterpillar (341).jpg,1
catterpillar (414).jpg,1
catterpillar (238).jpg,1
catterpillar (293).jpg,1
catterpillar (215).jpg,1
catterpillar (339).jpg,1
catterpillar (242).jpg,1
catterpillar (264).jpg,1
catterpillar (428).jpg,1
catterpillar (283).jpg,1
catterpillar (53).jpg,1
catterpillar (278).jpg,1
catterpillar (222).jpg,1
catterpillar (78).jpg,1
catterpillar (21).jpg,1
catterpillar (63).jpg,1
catterpillar (44).jpg,1
catterpillar (373).jpg,1
catterpillar (40).jpg,1
catterpillar (72).jpg,1
catterpillar (206).jpg,1
catterpillar (25).jpg,1
catterpillar (441).jpg,1
catterpillar (195).jpg,1
catterpillar (303).jpg,1
catterpillar (186).jpg,1
catterpillar (367).jpg,1
catterpillar (56).jpg,1
catterpillar (15).jpg,1
catterpillar (371).jpg,1
catterpillar (382).jpg,1
catterpillar (61).jpg,1
catterpillar (302).jpg,1
catterpillar (165).jpg,1
catterpillar (413).jpg,1
catterpillar (435).jpg,1
catterpillar (349).jpg,1
catterpillar (417).jpg,1
catterpillar (279).jpg,1
catterpillar (132).jpg,1
catterpillar (308).jpg,1
catterpillar (423).jpg,1
catterpillar (304).jpg,1
catterpillar (321).jpg,1
catterpillar (280).jpg,1
catterpillar (415).jpg,1
catterpillar (356).jpg,1
catterpillar (288).jpg,1
catterpillar (140).jpg,1
catterpillar (429).jpg,1
catterpillar (314).jpg,1
catterpillar (450).jpg,1
catterpillar (187).jpg,1
catterpillar (393).jpg,0
catterpillar (377).jpg,1
catterpillar (232).jpg,1
catterpillar (84).jpg,1
catterpillar (241).jpg,1
catterpillar (27).jpg,1
catterpillar (30).jpg,1
catterpillar (340).jpg,1
catterpillar (94).jpg,1
catterpillar (160).jpg,1
catterpillar (408).jpg,1
catterpillar (344).jpg,1
catterpillar (67).jpg,1
catterpillar (197).jpg,1
catterpillar (178).jpg,1
catterpillar (319).jpg,1
catterpillar (451).jpg,1
catterpillar (350).jpg,1
catterpillar (315).jpg,1
catterpillar (443).jpg,1
catterpillar (401).jpg,1
catterpillar (219).jpg,1
catterpillar (433).jpg,1
catterpillar (301).jpg,1
catterpillar (233).jpg,1
catterpillar (57).jpg,1
catterpillar (309).jpg,1
catterpillar (257).jpg,1
catterpillar (59).jpg,1
catterpillar (77).jpg,1
catterpillar (9).jpg,1
catterpillar (326).jpg,1
catterpillar (208).jpg,1
catterpillar (248).jpg,0
catterpillar (383).jpg,1
catterpillar (3).jpg,1
catterpillar (231).jpg,1
catterpillar (43).jpg,1
catterpillar (365).jpg,1
catterpillar (151).jpg,1
catterpillar (431).jpg,1
catterpillar (354).jpg,1
catterpillar (320).jpg,1
catterpillar (438).jpg,1
catterpillar (374).jpg,1
catterpillar (369).jpg,1
catterpillar (175).jpg,1
catterpillar (420).jpg,1
catterpillar (353).jpg,1
catterpillar (398).jpg,1
catterpillar (378).jpg,1
catterpillar (307).jpg,1
catterpillar (361).jpg,1
catterpillar (362).jpg,1
catterpillar (375).jpg,1
catterpillar (381).jpg,1
catterpillar (49).jpg,1
catterpillar (7).jpg,1
catterpillar (452).jpg,1
catterpillar (95).jpg,1
catterpillar (251).jpg,1
catterpillar (172).jpg,1
catterpillar (29).jpg,1
catterpillar (198).jpg,1
catterpillar (69).jpg,1
catterpillar (386).jpg,1
catterpillar (89).jpg,1
catterpillar (358).jpg,1
catterpillar (306).jpg,1
catterpillar (32).jpg,1
catterpillar (239).jpg,1
catterpillar (453).jpg,1
catterpillar (170).jpg,1
catterpillar (342).jpg,1
catterpillar (90).jpg,1
catterpillar (201).jpg,1
catterpillar (338).jpg,1
catterpillar (41).jpg,1
catterpillar (164).jpg,1
catterpillar (161).jpg,1
catterpillar (177).jpg,1
catterpillar (157).jpg,1
catterpillar (31).jpg,1
catterpillar (68).jpg,1
catterpillar (91).jpg,1
catterpillar (253).jpg,1
catterpillar (19).jpg,1
catterpillar (439).jpg,1
catterpillar (46).jpg,1
catterpillar (285).jpg,1
catterpillar (409).jpg,1
catterpillar (235).jpg,1
catterpillar (316).jpg,1
catterpillar (81).jpg,1
catterpillar (397).jpg,1
catterpillar (48).jpg,1
catterpillar (64).jpg,1
catterpillar (204).jpg,1
catterpillar (422).jpg,1
catterpillar (376).jpg,1
catterpillar (355).jpg,1
catterpillar (18).jpg,1
catterpillar (174).jpg,1
catterpillar (173).jpg,1
catterpillar (96).jpg,1
catterpillar (263).jpg,1
catterpillar (218).jpg,1
catterpillar (337).jpg,1
catterpillar (430).jpg,1
catterpillar (267).jpg,1
catterpillar (404).jpg,1
catterpillar (8).jpg,1
catterpillar (156).jpg,1
catterpillar (317).jpg,1
catterpillar (39).jpg,1
catterpillar (395).jpg,1
catterpillar (93).jpg,1
catterpillar (437).jpg,1
catterpillar (158).jpg,1
catterpillar (82).jpg,1
catterpillar (310).jpg,1
catterpillar (384).jpg,1
catterpillar (65).jpg,1
catterpillar (98).jpg,1
catterpillar (345).jpg,1
catterpillar (76).jpg,1
catterpillar (250).jpg,1
catterpillar (213).jpg,1
catterpillar (216).jpg,1
catterpillar (227).jpg,1
catterpillar (16).jpg,1
catterpillar (225).jpg,1
catterpillar (372).jpg,1
catterpillar (323).jpg,1
catterpillar (312).jpg,1
catterpillar (196).jpg,1
catterpillar (52).jpg,1
catterpillar (152).jpg,1
catterpillar (298).jpg,1
catterpillar (236).jpg,1
catterpillar (179).jpg,1
catterpillar (412).jpg,1
catterpillar (432).jpg,1
catterpillar (23).jpg,1
catterpillar (445).jpg,1
catterpillar (176).jpg,1
catterpillar (226).jpg,1
catterpillar (147).jpg,1
catterpillar (357).jpg,1
catterpillar (35).jpg,1
catterpillar (254).jpg,1
catterpillar (153).jpg,1
catterpillar (296).jpg,1
catterpillar (259).jpg,1
catterpillar (444).jpg,1
catterpillar (330).jpg,1
catterpillar (188).jpg,1
catterpillar (243).jpg,1
catterpillar (329).jpg,1
catterpillar (424).jpg,1
catterpillar (192).jpg,1
catterpillar (325).jpg,1
catterpillar (311).jpg,1
catterpillar (352).jpg,1
catterpillar (419).jpg,1
catterpillar (135).jpg,1
catterpillar (202).jpg,1
catterpillar (388).jpg,1
catterpillar (58).jpg,1
catterpillar (224).jpg,1
catterpillar (144).jpg,1
catterpillar (240).jpg,1
catterpillar (346).jpg,1
catterpillar (169).jpg,1
catterpillar (28).jpg,1
catterpillar (230).jpg,1
catterpillar (286).jpg,1
catterpillar (379).jpg,1
catterpillar (407).jpg,1
catterpillar (348).jpg,1
catterpillar (33).jpg,1
catterpillar (289).jpg,1
catterpillar (313).jpg,1
catterpillar (13).jpg,1
catterpillar (447).jpg,1
catterpillar (416).jpg,1
catterpillar (265).jpg,1
catterpillar (199).jpg,1
catterpillar (359).jpg,1
catterpillar (273).jpg,1
catterpillar (324).jpg,1
catterpillar (305).jpg,1
catterpillar (454).jpg,1
catterpillar (360).jpg,1
catterpillar (50).jpg,1
catterpillar (120).jpg,1
catterpillar (442).jpg,1
catterpillar (104).jpg,1
catterpillar (10).jpg,1
catterpillar (118).jpg,1
catterpillar (51).jpg,1
catterpillar (154).jpg,1
catterpillar (149).jpg,1
catterpillar (116).jpg,1
catterpillar (418).jpg,1
catterpillar (26).jpg,1
catterpillar (123).jpg,1
catterpillar (103).jpg,1
catterpillar (275).jpg,1
catterpillar (86).jpg,1
catterpillar (105).jpg,1
catterpillar (130).jpg,1
catterpillar (107).jpg,1
catterpillar (380).jpg,1
catterpillar (203).jpg,1
catterpillar (183).jpg,1
catterpillar (287).jpg,1
catterpillar (83).jpg,1
catterpillar (87).jpg,1
catterpillar (425).jpg,1
catterpillar (112).jpg,1
catterpillar (74).jpg,1
catterpillar (258).jpg,1
catterpillar (272).jpg,1
catterpillar (167).jpg,1
catterpillar (117).jpg,1
catterpillar (327).jpg,1
catterpillar (133).jpg,1
catterpillar (102).jpg,1
catterpillar (106).jpg,1
catterpillar (155).jpg,1
catterpillar (270).jpg,1
catterpillar (205).jpg,1
catterpillar (269).jpg,1
catterpillar (101).jpg,1
catterpillar (1).jpg,1
catterpillar (121).jpg,1
catterpillar (262).jpg,1
catterpillar (22).jpg,1
catterpillar (11).jpg,1
catterpillar (274).jpg,1
catterpillar (131).jpg,1
catterpillar (100).jpg,1
catterpillar (268).jpg,1
catterpillar (143).jpg,1
catterpillar (300).jpg,1
catterpillar (368).jpg,1
catterpillar (37).jpg,1
catterpillar (390).jpg,1
catterpillar (115).jpg,1
catterpillar (126).jpg,1
catterpillar (109).jpg,1
catterpillar (114).jpg,1
catterpillar (124).jpg,1
catterpillar (79).jpg,1
catterpillar (406).jpg,1
catterpillar (139).jpg,1
catterpillar (366).jpg,1
catterpillar (125).jpg,1
catterpillar (168).jpg,1
catterpillar (88).jpg,1
catterpillar (1).png,1
catterpillar (299).jpg,1
catterpillar (111).jpg,1
catterpillar (436).jpg,1
catterpillar (426).jpg,1
catterpillar (249).jpg,1
catterpillar (12).jpg,1
catterpillar (122).jpg,1
catterpillar (108).jpg,1
catterpillar (399).jpg,1
catterpillar (119).jpg,1
catterpillar (146).jpg,1
catterpillar (113).jpg,1
