file_name,is_pest
earthworms (180).jpg,0
earthworms (99).jpg,0
earthworms (48).jpg,0
earthworms (196).jpg,0
earthworms (81).jpg,0
earthworms (94).jpg,0
earthworms (197).jpg,0
earthworms (9).jpg,0
earthworms (272).jpg,0
earthworms (93).jpg,1
earthworms (70).jpg,0
earthworms (96).jpg,0
earthworms (154).jpg,0
earthworms (104).jpg,0
earthworms (91).jpg,0
earthworms (16).jpg,0
earthworms (95).jpg,0
earthworms (92).jpg,0
earthworms (307).jpg,0
earthworms (98).jpg,0
earthworms (89).jpg,0
earthworms (78).jpg,0
earthworms (83).jpg,0
earthworms (217).jpg,0
earthworms (5).jpg,0
earthworms (84).jpg,0
earthworms (85).jpg,0
earthworms (241).jpg,0
earthworms (90).jpg,0
earthworms (56).jpg,0
earthworms (100).jpg,0
earthworms (97).jpg,0
earthworms (122).jpg,0
earthworms (88).jpg,0
earthworms (80).jpg,0
earthworms (8).jpg,0
earthworms (79).jpg,0
earthworms (120).jpg,0
earthworms (82).jpg,0
earthworms (86).jpg,0
earthworms (160).jpg,0
earthworms (87).jpg,0
earthworms (7).jpg,0
earthworms (193).jpg,1
earthworms (36).jpg,0
earthworms (24).jpg,0
earthworms (188).jpg,0
earthworms (206).jpg,0
earthworms (276).jpg,0
earthworms (187).jpg,0
earthworms (248).jpg,0
earthworms (220).jpg,0
earthworms (132).jpg,0
earthworms (11).jpg,0
earthworms (2).jpg,0
earthworms (71).jpg,0
earthworms (260).jpg,0
earthworms (145).jpg,0
earthworms (172).jpg,0
earthworms (77).jpg,0
earthworms (282).jpg,0
earthworms (254).jpg,0
earthworms (173).jpg,0
earthworms (275).jpg,0
earthworms (149).jpg,0
earthworms (10).jpg,0
earthworms (52).jpg,0
earthworms (258).jpg,0
earthworms (201).jpg,0
earthworms (214).jpg,0
earthworms (171).jpg,0
earthworms (130).jpg,0
earthworms (110).jpg,0
earthworms (29).jpg,0
earthworms (200).jpg,0
earthworms (141).jpg,0
earthworms (107).jpg,0
earthworms (37).jpg,0
earthworms (65).jpg,0
earthworms (291).jpg,0
earthworms (299).jpg,0
earthworms (128).jpg,0
earthworms (58).jpg,0
earthworms (161).jpg,0
earthworms (64).jpg,0
earthworms (230).jpg,0
earthworms (43).jpg,0
earthworms (118).jpg,0
earthworms (131).jpg,0
earthworms (280).jpg,1
earthworms (191).jpg,0
earthworms (26).jpg,0
earthworms (42).jpg,0
earthworms (115).jpg,0
earthworms (121).jpg,0
earthworms (232).jpg,0
earthworms (22).jpg,0
earthworms (184).jpg,0
earthworms (46).jpg,0
earthworms (159).jpg,0
earthworms (51).jpg,0
earthworms (279).jpg,0
earthworms (287).jpg,0
earthworms (109).jpg,0
earthworms (303).jpg,0
earthworms (126).jpg,0
earthworms (129).jpg,0
earthworms (249).jpg,0
earthworms (207).jpg,0
earthworms (179).jpg,0
earthworms (152).jpg,0
earthworms (261).jpg,0
earthworms (101).jpg,0
earthworms (243).jpg,0
earthworms (62).jpg,0
earthworms (233).jpg,0
earthworms (40).jpg,0
earthworms (153).jpg,0
earthworms (57).jpg,0
earthworms (20).jpg,0
earthworms (157).jpg,0
earthworms (202).jpg,0
earthworms (166).jpg,0
earthworms (313).jpg,0
earthworms (309).jpg,1
earthworms (295).jpg,0
earthworms (13).jpg,0
earthworms (235).jpg,0
earthworms (317).jpg,0
earthworms (165).jpg,0
earthworms (133).jpg,0
earthworms (269).jpg,0
earthworms (76).jpg,0
earthworms (263).jpg,0
earthworms (238).jpg,0
earthworms (178).jpg,0
earthworms (33).jpg,0
earthworms (255).jpg,0
earthworms (237).jpg,0
earthworms (158).jpg,0
earthworms (186).jpg,0
earthworms (257).jpg,0
earthworms (195).jpg,0
earthworms (114).jpg,0
earthworms (74).jpg,0
earthworms (288).jpg,0
earthworms (50).jpg,0
earthworms (277).jpg,1
earthworms (6).jpg,0
earthworms (219).jpg,0
earthworms (183).jpg,0
earthworms (297).jpg,0
earthworms (181).jpg,0
earthworms (273).jpg,0
earthworms (119).jpg,0
earthworms (304).jpg,0
earthworms (262).jpg,0
earthworms (210).jpg,0
earthworms (144).jpg,0
earthworms (169).jpg,0
earthworms (23).jpg,0
earthworms (321).jpg,0
earthworms (156).jpg,0
earthworms (177).jpg,0
earthworms (147).jpg,0
earthworms (222).jpg,0
earthworms (136).jpg,0
earthworms (284).jpg,0
earthworms (31).jpg,0
earthworms (240).jpg,0
earthworms (142).jpg,0
earthworms (268).jpg,0
earthworms (53).jpg,1
earthworms (162).jpg,0
earthworms (125).jpg,0
earthworms (14).jpg,0
earthworms (251).jpg,0
earthworms (135).jpg,0
earthworms (105).jpg,0
earthworms (247).jpg,0
earthworms (44).jpg,0
earthworms (18).jpg,0
earthworms (236).jpg,0
earthworms (298).jpg,0
earthworms (69).jpg,0
earthworms (253).jpg,0
earthworms (289).jpg,0
earthworms (301).jpg,0
earthworms (21).jpg,0
earthworms (75).jpg,1
earthworms (194).jpg,0
earthworms (25).jpg,0
earthworms (148).jpg,0
earthworms (49).jpg,0
earthworms (170).jpg,0
earthworms (226).jpg,0
earthworms (281).jpg,0
earthworms (1).jpg,0
earthworms (213).jpg,0
earthworms (256).jpg,0
earthworms (59).jpg,0
earthworms (242).jpg,0
earthworms (174).jpg,0
earthworms (271).jpg,0
earthworms (19).jpg,0
earthworms (319).jpg,0
earthworms (146).jpg,0
earthworms (28).jpg,1
earthworms (151).jpg,1
earthworms (306).jpg,0
earthworms (205).jpg,0
earthworms (316).jpg,0
earthworms (111).jpg,0
earthworms (15).jpg,0
earthworms (38).jpg,0
earthworms (108).jpg,0
earthworms (209).jpg,0
earthworms (211).jpg,0
earthworms (227).jpg,0
earthworms (102).jpg,0
earthworms (274).jpg,0
earthworms (54).jpg,0
earthworms (30).jpg,0
earthworms (137).jpg,0
earthworms (208).jpg,0
earthworms (239).jpg,0
earthworms (168).jpg,0
earthworms (302).jpg,0
earthworms (292).jpg,0
earthworms (139).jpg,0
earthworms (231).jpg,0
earthworms (61).jpg,0
earthworms (17).jpg,0
earthworms (290).jpg,0
earthworms (140).jpg,0
earthworms (143).jpg,0
earthworms (318).jpg,0
earthworms (116).jpg,0
earthworms (322).jpg,0
earthworms (198).jpg,0
earthworms (39).jpg,0
earthworms (67).jpg,1
earthworms (123).jpg,0
earthworms (189).jpg,0
earthworms (112).jpg,0
earthworms (113).jpg,0
earthworms (63).jpg,0
earthworms (124).jpg,0
earthworms (296).jpg,0
earthworms (308).jpg,0
earthworms (221).jpg,0
earthworms (106).jpg,0
earthworms (278).jpg,0
earthworms (32).jpg,1
earthworms (246).jpg,0
earthworms (117).jpg,0
earthworms (73).jpg,0
earthworms (305).jpg,0
earthworms (27).jpg,0
earthworms (45).jpg,0
earthworms (190).jpg,0
earthworms (294).jpg,0
earthworms (66).jpg,0
earthworms (244).jpg,0
earthworms (223).jpg,0
earthworms (127).jpg,0
earthworms (47).jpg,0
earthworms (176).jpg,0
earthworms (265).jpg,0
earthworms (286).jpg,0
earthworms (270).jpg,0
earthworms (182).jpg,0
earthworms (218).jpg,0
earthworms (310).jpg,0
earthworms (185).jpg,0
earthworms (283).jpg,0
earthworms (259).jpg,0
earthworms (192).jpg,0
earthworms (167).jpg,0
earthworms (315).jpg,0
earthworms (229).jpg,0
earthworms (203).jpg,0
earthworms (314).jpg,0
earthworms (215).jpg,0
earthworms (12).jpg,0
earthworms (266).jpg,0
earthworms (155).jpg,0
earthworms (320).jpg,0
earthworms (300).jpg,1
earthworms (164).jpg,0
earthworms (41).jpg,0
earthworms (312).jpg,0
earthworms (264).jpg,0
earthworms (35).jpg,0
earthworms (68).jpg,1
earthworms (34).jpg,0
earthworms (175).jpg,0
earthworms (224).jpg,0
earthworms (163).jpg,0
earthworms (293).jpg,0
earthworms (311).jpg,0
earthworms (60).jpg,0
earthworms (267).jpg,0
earthworms (234).jpg,0
earthworms (245).jpg,0
earthworms (285).jpg,0
earthworms (204).jpg,0
earthworms (138).jpg,0
earthworms (103).jpg,0
earthworms (228).jpg,0
earthworms (250).jpg,0
earthworms (55).jpg,0
earthworms (3).jpg,0
earthworms (150).jpg,0
earthworms (225).jpg,0
earthworms (199).jpg,0
earthworms (252).jpg,0
earthworms (323).jpg,0
earthworms (134).jpg,0
earthworms (212).jpg,0
earthworms (72).jpg,0
earthworms (216).jpg,0
earthworms (4).jpg,0
