file_name,is_pest
earwig (51).jpg,1
earwig (74).jpg,1
earwig (182).jpg,1
earwig (188).jpg,1
earwig (463).jpg,1
earwig (153).jpg,1
earwig (171).jpg,1
earwig (156).jpg,1
earwig (174).jpg,1
earwig (8).jpg,1
earwig (245).jpg,1
earwig (264).jpg,1
earwig (193).jpg,1
earwig (239).jpg,1
earwig (377).jpg,1
earwig (155).jpg,1
earwig (399).jpg,1
earwig (210).jpg,1
earwig (430).jpg,1
earwig (105).jpg,1
earwig (291).jpg,1
earwig (9).jpg,1
earwig (356).jpg,1
earwig (292).jpg,1
earwig (31).jpg,1
earwig (107).jpg,1
earwig (290).jpg,1
earwig (451).jpg,1
earwig (111).jpg,1
earwig (140).jpg,1
earwig (281).jpg,1
earwig (19).jpg,1
earwig (384).jpg,1
earwig (280).jpg,1
earwig (427).jpg,1
earwig (237).jpg,1
earwig (305).jpg,1
earwig (173).jpg,1
earwig (273).jpg,1
earwig (3).jpg,1
earwig (334).jpg,1
earwig (388).jpg,1
earwig (121).jpg,1
earwig (419).jpg,1
earwig (123).jpg,1
earwig (464).jpg,1
earwig (442).jpg,1
earwig (226).jpg,1
earwig (435).jpg,1
earwig (350).jpg,1
earwig (159).jpg,1
earwig (270).jpg,1
earwig (326).jpg,1
earwig (387).jpg,1
earwig (147).jpg,1
earwig (14).jpg,1
earwig (454).jpg,1
earwig (83).jpg,1
earwig (24).jpg,1
earwig (293).jpg,1
earwig (412).jpg,1
earwig (98).jpg,1
earwig (313).jpg,1
earwig (94).jpg,1
earwig (253).jpg,1
earwig (345).jpg,1
earwig (93).jpg,1
earwig (240).jpg,1
earwig (150).jpg,1
earwig (423).jpg,1
earwig (157).jpg,1
earwig (303).jpg,1
earwig (299).jpg,0
earwig (426).jpg,1
earwig (7).jpg,1
earwig (20).jpg,1
earwig (70).jpg,1
earwig (39).jpg,1
earwig (267).jpg,1
earwig (177).jpg,1
earwig (48).jpg,1
earwig (198).jpg,1
earwig (37).jpg,1
earwig (65).jpg,1
earwig (272).jpg,1
earwig (259).jpg,1
earwig (370).jpg,1
earwig (22).jpg,1
earwig (35).jpg,1
earwig (244).jpg,1
earwig (215).jpg,1
earwig (238).jpg,1
earwig (256).jpg,1
earwig (285).jpg,1
earwig (73).jpg,1
earwig (457).jpg,1
earwig (363).jpg,1
earwig (88).jpg,1
earwig (331).jpg,1
earwig (10).jpg,1
earwig (49).jpg,1
earwig (289).jpg,1
earwig (329).jpg,1
earwig (318).jpg,1
earwig (436).jpg,1
earwig (176).jpg,1
earwig (459).jpg,1
earwig (421).jpg,1
earwig (400).jpg,1
earwig (102).jpg,1
earwig (54).jpg,1
earwig (234).jpg,1
earwig (103).jpg,1
earwig (336).jpg,1
earwig (135).jpg,1
earwig (1).jpg,1
earwig (365).jpg,1
earwig (194).jpg,1
earwig (341).jpg,1
earwig (145).jpg,1
earwig (200).jpg,1
earwig (181).jpg,1
earwig (297).jpg,1
earwig (17).jpg,1
earwig (338).jpg,1
earwig (97).jpg,1
earwig (40).jpg,1
earwig (288).jpg,1
earwig (149).jpg,1
earwig (2).jpg,1
earwig (184).jpg,1
earwig (251).jpg,1
earwig (432).jpg,1
earwig (95).jpg,1
earwig (417).jpg,1
earwig (403).jpg,1
earwig (208).jpg,1
earwig (342).jpg,1
earwig (141).jpg,1
earwig (347).jpg,1
earwig (5).jpg,1
earwig (126).jpg,1
earwig (178).jpg,1
earwig (108).jpg,1
earwig (311).jpg,0
earwig (229).jpg,1
earwig (81).jpg,1
earwig (398).jpg,1
earwig (138).jpg,1
earwig (92).jpg,1
earwig (452).jpg,1
earwig (258).jpg,1
earwig (382).jpg,1
earwig (383).jpg,1
earwig (243).jpg,1
earwig (85).jpg,1
earwig (16).jpg,1
earwig (213).jpg,1
earwig (282).jpg,1
earwig (247).jpg,1
earwig (104).jpg,1
earwig (41).jpg,1
earwig (228).jpg,1
earwig (351).jpg,1
earwig (230).jpg,1
earwig (216).jpg,1
earwig (402).jpg,1
earwig (274).jpg,1
earwig (378).jpg,0
earwig (425).jpg,1
earwig (361).jpg,1
earwig (409).jpg,1
earwig (312).jpg,1
earwig (304).jpg,1
earwig (246).jpg,1
earwig (11).jpg,1
earwig (204).jpg,1
earwig (257).jpg,1
earwig (57).jpg,1
earwig (353).jpg,1
earwig (109).jpg,1
earwig (413).jpg,1
earwig (323).jpg,1
earwig (87).jpg,1
earwig (221).jpg,1
earwig (151).jpg,1
earwig (112).jpg,1
earwig (284).jpg,1
earwig (163).jpg,1
earwig (187).jpg,1
earwig (195).jpg,1
earwig (170).jpg,1
earwig (61).jpg,1
earwig (321).jpg,1
earwig (414).jpg,1
earwig (214).jpg,1
earwig (78).jpg,1
earwig (322).jpg,1
earwig (67).jpg,1
earwig (415).jpg,1
earwig (263).jpg,1
earwig (461).jpg,1
earwig (248).jpg,1
earwig (69).jpg,1
earwig (62).jpg,1
earwig (309).jpg,1
earwig (391).jpg,1
earwig (84).jpg,1
earwig (21).jpg,1
earwig (211).jpg,1
earwig (186).jpg,1
earwig (434).jpg,1
earwig (165).jpg,1
earwig (445).jpg,1
earwig (164).jpg,1
earwig (18).jpg,1
earwig (298).jpg,1
earwig (43).jpg,1
earwig (317).jpg,1
earwig (449).jpg,1
earwig (395).jpg,1
earwig (355).jpg,1
earwig (450).jpg,1
earwig (241).jpg,1
earwig (167).jpg,1
earwig (390).jpg,1
earwig (113).jpg,1
earwig (223).jpg,1
earwig (58).jpg,1
earwig (76).jpg,1
earwig (332).jpg,1
earwig (327).jpg,1
earwig (381).jpg,1
earwig (50).jpg,1
earwig (337).jpg,1
earwig (60).jpg,1
earwig (120).jpg,1
earwig (348).jpg,1
earwig (80).jpg,1
earwig (294).jpg,1
earwig (310).jpg,1
earwig (72).jpg,0
earwig (115).jpg,1
earwig (262).jpg,1
earwig (260).jpg,1
earwig (372).jpg,1
earwig (316).jpg,1
earwig (287).jpg,1
earwig (202).jpg,1
earwig (389).jpg,1
earwig (379).jpg,1
earwig (405).jpg,1
earwig (286).jpg,1
earwig (64).jpg,1
earwig (255).jpg,1
earwig (456).jpg,1
earwig (344).jpg,1
earwig (139).jpg,1
earwig (53).jpg,1
earwig (206).jpg,1
earwig (68).jpg,1
earwig (404).jpg,1
earwig (278).jpg,1
earwig (172).jpg,1
earwig (269).jpg,1
earwig (166).jpg,1
earwig (100).jpg,1
earwig (199).jpg,1
earwig (179).jpg,1
earwig (89).jpg,1
earwig (122).jpg,1
earwig (4).jpg,1
earwig (128).jpg,1
earwig (447).jpg,1
earwig (325).jpg,1
earwig (227).jpg,1
earwig (203).jpg,1
earwig (190).jpg,1
earwig (462).jpg,1
earwig (79).jpg,1
earwig (191).jpg,1
earwig (46).jpg,1
earwig (25).jpg,1
earwig (302).jpg,1
earwig (335).jpg,1
earwig (219).jpg,1
earwig (212).jpg,1
earwig (90).jpg,1
earwig (250).jpg,1
earwig (364).jpg,1
earwig (29).jpg,1
earwig (359).jpg,1
earwig (75).jpg,1
earwig (441).jpg,1
earwig (458).jpg,1
earwig (439).jpg,1
earwig (275).jpg,1
earwig (235).jpg,1
earwig (154).jpg,1
earwig (371).jpg,1
earwig (369).jpg,1
earwig (225).jpg,1
earwig (33).jpg,1
earwig (431).jpg,1
earwig (143).jpg,1
earwig (236).jpg,1
earwig (444).jpg,1
earwig (443).jpg,1
earwig (207).jpg,1
earwig (438).jpg,1
earwig (465).jpg,1
earwig (117).jpg,1
earwig (301).jpg,1
earwig (422).jpg,1
earwig (183).jpg,1
earwig (59).jpg,1
earwig (71).jpg,1
earwig (268).jpg,1
earwig (455).jpg,1
earwig (249).jpg,1
earwig (232).jpg,1
earwig (44).jpg,1
earwig (148).jpg,1
earwig (26).jpg,1
earwig (440).jpg,1
earwig (368).jpg,1
earwig (106).jpg,1
earwig (352).jpg,1
earwig (254).jpg,1
earwig (429).jpg,1
earwig (142).jpg,1
earwig (224).jpg,1
earwig (146).jpg,1
earwig (15).jpg,1
earwig (397).jpg,1
earwig (306).jpg,1
earwig (34).jpg,1
earwig (320).jpg,1
earwig (201).jpg,1
earwig (393).jpg,1
earwig (406).jpg,1
earwig (23).jpg,1
earwig (314).jpg,1
earwig (1).png,1
earwig (362).jpg,1
earwig (416).jpg,1
earwig (346).jpg,1
earwig (242).jpg,1
earwig (63).jpg,1
earwig (161).jpg,1
earwig (343).jpg,1
earwig (6).jpg,1
earwig (315).jpg,1
earwig (367).jpg,1
earwig (180).jpg,1
earwig (160).jpg,1
earwig (192).jpg,1
earwig (27).jpg,1
earwig (13).jpg,1
earwig (118).jpg,1
earwig (295).jpg,1
earwig (218).jpg,1
earwig (47).jpg,1
earwig (366).jpg,1
earwig (424).jpg,1
earwig (319).jpg,1
earwig (55).jpg,1
earwig (152).jpg,1
earwig (271).jpg,1
earwig (222).jpg,1
earwig (231).jpg,1
earwig (261).jpg,1
earwig (127).jpg,1
earwig (349).jpg,1
earwig (296).jpg,1
earwig (162).jpg,1
earwig (91).jpg,1
earwig (36).jpg,1
earwig (56).jpg,1
earwig (196).jpg,1
earwig (32).jpg,1
earwig (357).jpg,1
earwig (52).jpg,1
earwig (66).jpg,1
earwig (82).jpg,1
earwig (373).jpg,1
earwig (385).jpg,1
earwig (125).jpg,1
earwig (324).jpg,1
earwig (130).jpg,1
earwig (101).jpg,1
earwig (265).jpg,1
earwig (446).jpg,1
earwig (169).jpg,1
earwig (116).jpg,1
earwig (466).jpg,1
earwig (392).jpg,1
earwig (45).jpg,1
earwig (328).jpg,1
earwig (428).jpg,1
earwig (420).jpg,1
earwig (42).jpg,1
earwig (175).jpg,1
earwig (375).jpg,1
earwig (453).jpg,1
earwig (189).jpg,1
earwig (252).jpg,1
earwig (209).jpg,1
earwig (277).jpg,1
earwig (132).jpg,1
earwig (360).jpg,1
earwig (374).jpg,1
earwig (197).jpg,1
earwig (217).jpg,1
earwig (12).jpg,1
earwig (266).jpg,1
earwig (136).jpg,1
earwig (396).jpg,1
earwig (168).jpg,1
earwig (158).jpg,1
earwig (124).jpg,1
earwig (410).jpg,1
earwig (110).jpg,1
earwig (308).jpg,1
earwig (220).jpg,1
earwig (77).jpg,1
earwig (376).jpg,1
earwig (119).jpg,1
earwig (137).jpg,1
earwig (354).jpg,1
earwig (340).jpg,1
earwig (131).jpg,1
earwig (411).jpg,1
earwig (205).jpg,1
earwig (300).jpg,1
earwig (86).jpg,1
earwig (407).jpg,1
earwig (96).jpg,1
earwig (358).jpg,1
earwig (133).jpg,1
earwig (418).jpg,1
earwig (394).jpg,1
earwig (380).jpg,1
earwig (30).jpg,1
earwig (386).jpg,1
earwig (144).jpg,1
earwig (129).jpg,1
earwig (339).jpg,1
earwig (134).jpg,1
earwig (330).jpg,1
earwig (283).jpg,1
earwig (333).jpg,1
earwig (401).jpg,1
earwig (233).jpg,1
earwig (307).jpg,1
earwig (28).jpg,1
earwig (276).jpg,1
earwig (437).jpg,1
earwig (38).jpg,1
earwig (99).jpg,1
earwig (448).jpg,1
earwig (460).jpg,1
earwig (433).jpg,1
earwig (408).jpg,1
earwig (114).jpg,1
earwig (279).jpg,1
