file_name,is_pest
grasshopper (442).jpg,1
grasshopper (153).jpg,1
grasshopper (351).jpg,1
grasshopper (231).jpg,1
grasshopper (304).jpg,1
grasshopper (328).jpg,1
grasshopper (182).jpg,1
grasshopper (415).jpg,1
grasshopper (64).jpg,1
grasshopper (40).jpg,1
grasshopper (173).jpg,1
grasshopper (84).jpg,1
grasshopper (113).jpg,1
grasshopper (187).jpg,1
grasshopper (5).jpg,1
grasshopper (317).jpg,1
grasshopper (312).jpg,1
grasshopper (226).jpg,1
grasshopper (467).jpg,1
grasshopper (34).jpg,1
grasshopper (348).jpg,1
grasshopper (89).jpg,1
grasshopper (287).jpg,1
grasshopper (391).jpg,1
grasshopper (334).jpg,1
grasshopper (106).jpg,1
grasshopper (388).jpg,1
grasshopper (232).jpg,1
grasshopper (390).jpg,1
grasshopper (286).jpg,1
grasshopper (265).jpg,1
grasshopper (154).jpg,1
grasshopper (206).jpg,1
grasshopper (480).jpg,1
grasshopper (433).jpg,1
grasshopper (438).jpg,1
grasshopper (211).jpg,1
grasshopper (67).jpg,1
grasshopper (119).jpg,1
grasshopper (398).jpg,1
grasshopper (364).jpg,1
grasshopper (456).jpg,1
grasshopper (2).jpg,1
grasshopper (380).jpg,1
grasshopper (296).jpg,1
grasshopper (313).jpg,1
grasshopper (47).jpg,1
grasshopper (95).jpg,1
grasshopper (373).jpg,1
grasshopper (81).jpg,1
grasshopper (214).jpg,1
grasshopper (201).jpg,1
grasshopper (468).jpg,1
grasshopper (50).jpg,1
grasshopper (285).jpg,1
grasshopper (190).jpg,1
grasshopper (261).jpg,1
grasshopper (377).jpg,1
grasshopper (245).jpg,1
grasshopper (3).jpg,1
grasshopper (36).jpg,1
grasshopper (140).jpg,1
grasshopper (403).jpg,1
grasshopper (70).jpg,1
grasshopper (196).jpg,1
grasshopper (110).jpg,1
grasshopper (39).jpg,1
grasshopper (54).jpg,1
grasshopper (281).jpg,1
grasshopper (194).jpg,1
grasshopper (66).jpg,1
grasshopper (396).jpg,1
grasshopper (455).jpg,1
grasshopper (337).jpg,1
grasshopper (186).jpg,1
grasshopper (360).jpg,1
grasshopper (253).jpg,1
grasshopper (109).jpg,1
grasshopper (91).jpg,1
grasshopper (453).jpg,1
grasshopper (458).jpg,1
grasshopper (192).jpg,1
grasshopper (421).jpg,1
grasshopper (127).jpg,1
grasshopper (79).jpg,1
grasshopper (71).jpg,1
grasshopper (83).jpg,1
grasshopper (343).jpg,1
grasshopper (327).jpg,1
grasshopper (483).jpg,1
grasshopper (333).jpg,1
grasshopper (257).jpg,1
grasshopper (163).jpg,1
grasshopper (282).jpg,1
grasshopper (332).jpg,1
grasshopper (329).jpg,1
grasshopper (397).jpg,1
grasshopper (353).jpg,1
grasshopper (393).jpg,1
grasshopper (236).jpg,1
grasshopper (256).jpg,1
grasshopper (177).jpg,1
grasshopper (97).jpg,1
grasshopper (448).jpg,1
grasshopper (61).jpg,1
grasshopper (319).jpg,1
grasshopper (295).jpg,1
grasshopper (164).jpg,1
grasshopper (344).jpg,1
grasshopper (102).jpg,1
grasshopper (126).jpg,1
grasshopper (413).jpg,1
grasshopper (41).jpg,1
grasshopper (138).jpg,1
grasshopper (474).jpg,1
grasshopper (431).jpg,1
grasshopper (150).jpg,1
grasshopper (174).jpg,1
grasshopper (167).jpg,1
grasshopper (17).jpg,1
grasshopper (235).jpg,1
grasshopper (1).jpg,1
grasshopper (436).jpg,0
grasshopper (75).jpg,1
grasshopper (283).jpg,1
grasshopper (318).jpg,1
grasshopper (93).jpg,1
grasshopper (457).jpg,1
grasshopper (77).jpg,1
grasshopper (202).jpg,1
grasshopper (461).jpg,1
grasshopper (407).jpg,1
grasshopper (297).jpg,1
grasshopper (227).jpg,1
grasshopper (425).jpg,1
grasshopper (355).jpg,1
grasshopper (470).jpg,1
grasshopper (165).jpg,1
grasshopper (76).jpg,1
grasshopper (277).jpg,1
grasshopper (362).jpg,1
grasshopper (137).jpg,1
grasshopper (477).jpg,1
grasshopper (345).jpg,1
grasshopper (418).jpg,1
grasshopper (80).jpg,1
grasshopper (411).jpg,1
grasshopper (356).jpg,1
grasshopper (114).jpg,1
grasshopper (181).jpg,1
grasshopper (195).jpg,1
grasshopper (292).jpg,1
grasshopper (451).jpg,1
grasshopper (169).jpg,1
grasshopper (94).jpg,1
grasshopper (10).jpg,1
grasshopper (266).jpg,1
grasshopper (463).jpg,1
grasshopper (212).jpg,1
grasshopper (157).jpg,1
grasshopper (255).jpg,1
grasshopper (162).jpg,1
grasshopper (420).jpg,1
grasshopper (441).jpg,1
grasshopper (183).jpg,1
grasshopper (354).jpg,1
grasshopper (221).jpg,1
grasshopper (133).jpg,1
grasshopper (330).jpg,1
grasshopper (32).jpg,1
grasshopper (466).jpg,1
grasshopper (29).jpg,1
grasshopper (268).jpg,1
grasshopper (269).jpg,1
grasshopper (217).jpg,1
grasshopper (218).jpg,1
grasshopper (279).jpg,1
grasshopper (134).jpg,1
grasshopper (128).jpg,1
grasshopper (73).jpg,1
grasshopper (278).jpg,1
grasshopper (159).jpg,1
grasshopper (86).jpg,1
grasshopper (298).jpg,1
grasshopper (116).jpg,1
grasshopper (369).jpg,1
grasshopper (200).jpg,1
grasshopper (385).jpg,1
grasshopper (171).jpg,1
grasshopper (408).jpg,1
grasshopper (357).jpg,1
grasshopper (450).jpg,1
grasshopper (12).jpg,1
grasshopper (249).jpg,1
grasshopper (454).jpg,1
grasshopper (223).jpg,1
grasshopper (209).jpg,1
grasshopper (14).jpg,1
grasshopper (207).jpg,1
grasshopper (309).jpg,1
grasshopper (43).jpg,1
grasshopper (28).jpg,1
grasshopper (237).jpg,1
grasshopper (349).jpg,1
grasshopper (131).jpg,1
grasshopper (144).jpg,1
grasshopper (409).jpg,1
grasshopper (118).jpg,1
grasshopper (290).jpg,1
grasshopper (229).jpg,1
grasshopper (379).jpg,1
grasshopper (303).jpg,1
grasshopper (25).jpg,1
grasshopper (462).jpg,1
grasshopper (315).jpg,0
grasshopper (103).jpg,1
grasshopper (139).jpg,1
grasshopper (179).jpg,1
grasshopper (302).jpg,1
grasshopper (149).jpg,1
grasshopper (310).jpg,1
grasshopper (475).jpg,1
grasshopper (251).jpg,1
grasshopper (175).jpg,1
grasshopper (215).jpg,1
grasshopper (233).jpg,1
grasshopper (248).jpg,1
grasshopper (272).jpg,1
grasshopper (193).jpg,1
grasshopper (74).jpg,1
grasshopper (414).jpg,1
grasshopper (44).jpg,1
grasshopper (244).jpg,1
grasshopper (124).jpg,1
grasshopper (220).jpg,1
grasshopper (82).jpg,1
grasshopper (300).jpg,1
grasshopper (365).jpg,1
grasshopper (289).jpg,1
grasshopper (469).jpg,1
grasshopper (78).jpg,1
grasshopper (404).jpg,1
grasshopper (370).jpg,1
grasshopper (350).jpg,1
grasshopper (443).jpg,1
grasshopper (216).jpg,1
grasshopper (59).jpg,1
grasshopper (132).jpg,1
grasshopper (376).jpg,1
grasshopper (145).jpg,1
grasshopper (471).jpg,1
grasshopper (250).jpg,1
grasshopper (46).jpg,1
grasshopper (188).jpg,1
grasshopper (224).jpg,1
grasshopper (410).jpg,1
grasshopper (16).jpg,1
grasshopper (160).jpg,1
grasshopper (111).jpg,1
grasshopper (464).jpg,1
grasshopper (336).jpg,1
grasshopper (56).jpg,1
grasshopper (63).jpg,1
grasshopper (375).jpg,1
grasshopper (68).jpg,1
grasshopper (18).jpg,1
grasshopper (263).jpg,1
grasshopper (191).jpg,1
grasshopper (366).jpg,1
grasshopper (307).jpg,1
grasshopper (100).jpg,1
grasshopper (435).jpg,1
grasshopper (280).jpg,1
grasshopper (198).jpg,1
grasshopper (378).jpg,1
grasshopper (180).jpg,1
grasshopper (426).jpg,1
grasshopper (478).jpg,1
grasshopper (69).jpg,1
grasshopper (427).jpg,1
grasshopper (479).jpg,1
grasshopper (243).jpg,1
grasshopper (361).jpg,1
grasshopper (112).jpg,1
grasshopper (338).jpg,1
grasshopper (325).jpg,1
grasshopper (4).jpg,1
grasshopper (254).jpg,1
grasshopper (400).jpg,1
grasshopper (423).jpg,1
grasshopper (24).jpg,1
grasshopper (422).jpg,1
grasshopper (363).jpg,1
grasshopper (358).jpg,1
grasshopper (166).jpg,1
grasshopper (284).jpg,1
grasshopper (85).jpg,1
grasshopper (342).jpg,1
grasshopper (31).jpg,1
grasshopper (273).jpg,1
grasshopper (210).jpg,1
grasshopper (199).jpg,1
grasshopper (146).jpg,1
grasshopper (117).jpg,1
grasshopper (331).jpg,1
grasshopper (203).jpg,1
grasshopper (156).jpg,1
grasshopper (242).jpg,1
grasshopper (439).jpg,1
grasshopper (274).jpg,1
grasshopper (99).jpg,1
grasshopper (38).jpg,1
grasshopper (429).jpg,1
grasshopper (367).jpg,1
grasshopper (401).jpg,1
grasshopper (122).jpg,1
grasshopper (20).jpg,1
grasshopper (208).jpg,1
grasshopper (346).jpg,1
grasshopper (26).jpg,1
grasshopper (87).jpg,1
grasshopper (465).jpg,1
grasshopper (197).jpg,1
grasshopper (19).jpg,1
grasshopper (27).jpg,1
grasshopper (107).jpg,1
grasshopper (481).jpg,1
grasshopper (158).jpg,1
grasshopper (143).jpg,1
grasshopper (136).jpg,1
grasshopper (9).jpg,1
grasshopper (446).jpg,1
grasshopper (271).jpg,1
grasshopper (473).jpg,0
grasshopper (484).jpg,1
grasshopper (142).jpg,1
grasshopper (101).jpg,1
grasshopper (311).jpg,1
grasshopper (267).jpg,0
grasshopper (247).jpg,1
grasshopper (11).jpg,1
grasshopper (178).jpg,1
grasshopper (340).jpg,1
grasshopper (225).jpg,1
grasshopper (459).jpg,1
grasshopper (141).jpg,1
grasshopper (320).jpg,1
grasshopper (105).jpg,1
grasshopper (1).png,1
grasshopper (213).jpg,1
grasshopper (92).jpg,1
grasshopper (472).jpg,1
grasshopper (259).jpg,1
grasshopper (58).jpg,1
grasshopper (406).jpg,1
grasshopper (382).jpg,1
grasshopper (121).jpg,1
grasshopper (161).jpg,1
grasshopper (264).jpg,1
grasshopper (49).jpg,1
grasshopper (383).jpg,1
grasshopper (148).jpg,1
grasshopper (123).jpg,1
grasshopper (129).jpg,1
grasshopper (30).jpg,1
grasshopper (419).jpg,1
grasshopper (184).jpg,1
grasshopper (339).jpg,1
grasshopper (35).jpg,1
grasshopper (98).jpg,1
grasshopper (219).jpg,1
grasshopper (222).jpg,1
grasshopper (108).jpg,0
grasshopper (291).jpg,1
grasshopper (428).jpg,1
grasshopper (452).jpg,1
grasshopper (430).jpg,1
grasshopper (45).jpg,1
grasshopper (252).jpg,1
grasshopper (293).jpg,1
grasshopper (324).jpg,1
grasshopper (314).jpg,1
grasshopper (238).jpg,1
grasshopper (371).jpg,1
grasshopper (308).jpg,1
grasshopper (230).jpg,1
grasshopper (53).jpg,1
grasshopper (476).jpg,1
grasshopper (447).jpg,1
grasshopper (381).jpg,1
grasshopper (176).jpg,1
grasshopper (104).jpg,1
grasshopper (6).jpg,1
grasshopper (33).jpg,1
grasshopper (125).jpg,1
grasshopper (301).jpg,1
grasshopper (306).jpg,1
grasshopper (395).jpg,1
grasshopper (51).jpg,1
grasshopper (440).jpg,1
grasshopper (22).jpg,1
grasshopper (135).jpg,1
grasshopper (417).jpg,1
grasshopper (359).jpg,0
grasshopper (258).jpg,1
grasshopper (37).jpg,1
grasshopper (260).jpg,1
grasshopper (299).jpg,1
grasshopper (60).jpg,1
grasshopper (240).jpg,1
grasshopper (322).jpg,1
grasshopper (23).jpg,1
grasshopper (335).jpg,1
grasshopper (15).jpg,1
grasshopper (151).jpg,0
grasshopper (416).jpg,1
grasshopper (204).jpg,1
grasshopper (347).jpg,1
grasshopper (228).jpg,1
grasshopper (246).jpg,1
grasshopper (372).jpg,1
grasshopper (389).jpg,1
grasshopper (241).jpg,1
grasshopper (168).jpg,1
grasshopper (7).jpg,1
grasshopper (189).jpg,1
grasshopper (368).jpg,1
grasshopper (130).jpg,1
grasshopper (72).jpg,1
grasshopper (115).jpg,1
grasshopper (276).jpg,1
grasshopper (88).jpg,1
grasshopper (386).jpg,1
grasshopper (120).jpg,1
grasshopper (62).jpg,1
grasshopper (155).jpg,1
grasshopper (402).jpg,1
grasshopper (316).jpg,1
grasshopper (434).jpg,1
grasshopper (147).jpg,1
grasshopper (437).jpg,1
grasshopper (288).jpg,1
grasshopper (305).jpg,1
grasshopper (321).jpg,1
grasshopper (294).jpg,1
grasshopper (90).jpg,1
grasshopper (449).jpg,1
grasshopper (432).jpg,1
grasshopper (341).jpg,1
grasshopper (262).jpg,1
grasshopper (482).jpg,0
grasshopper (8).jpg,1
grasshopper (239).jpg,1
grasshopper (412).jpg,1
grasshopper (185).jpg,1
grasshopper (55).jpg,1
grasshopper (96).jpg,1
grasshopper (275).jpg,1
grasshopper (392).jpg,1
grasshopper (405).jpg,1
grasshopper (172).jpg,1
grasshopper (48).jpg,1
grasshopper (326).jpg,1
grasshopper (42).jpg,1
grasshopper (323).jpg,1
grasshopper (13).jpg,1
grasshopper (399).jpg,1
grasshopper (384).jpg,1
grasshopper (387).jpg,1
grasshopper (170).jpg,1
grasshopper (205).jpg,1
grasshopper (52).jpg,1
grasshopper (234).jpg,1
grasshopper (270).jpg,1
grasshopper (445).jpg,1
grasshopper (374).jpg,1
grasshopper (21).jpg,1
grasshopper (352).jpg,1
grasshopper (65).jpg,1
grasshopper (394).jpg,1
grasshopper (424).jpg,1
grasshopper (460).jpg,1
grasshopper (152).jpg,1
grasshopper (57).jpg,1
grasshopper (444).jpg,1
