file_name,is_pest
moth (466).jpg,1
moth (445).jpg,1
moth (442).jpg,1
moth (92).jpg,1
moth (46).jpg,1
moth (7).jpg,1
moth (463).jpg,1
moth (490).jpg,1
moth (58).jpg,1
moth (492).jpg,1
moth (459).jpg,1
moth (71).jpg,1
moth (441).jpg,1
moth (9).jpg,1
moth (453).jpg,1
moth (95).jpg,1
moth (72).jpg,1
moth (481).jpg,1
moth (51).jpg,1
moth (454).jpg,1
moth (473).jpg,1
moth (482).jpg,1
moth (446).jpg,1
moth (55).jpg,1
moth (80).jpg,1
moth (470).jpg,1
moth (461).jpg,1
moth (70).jpg,1
moth (469).jpg,1
moth (76).jpg,1
moth (81).jpg,1
moth (59).jpg,1
moth (6).jpg,1
moth (436).jpg,1
moth (465).jpg,1
moth (48).jpg,1
moth (56).jpg,1
moth (455).jpg,1
moth (430).jpg,1
moth (451).jpg,1
moth (444).jpg,1
moth (431).jpg,1
moth (489).jpg,1
moth (67).jpg,1
moth (47).jpg,1
moth (471).jpg,1
moth (483).jpg,1
moth (68).jpg,1
moth (475).jpg,1
moth (69).jpg,1
moth (91).jpg,1
moth (83).jpg,1
moth (54).jpg,1
moth (64).jpg,1
moth (480).jpg,1
moth (97).jpg,1
moth (479).jpg,1
moth (448).jpg,1
moth (84).jpg,1
moth (89).jpg,1
moth (434).jpg,1
moth (87).jpg,1
moth (464).jpg,1
moth (484).jpg,1
moth (74).jpg,1
moth (447).jpg,1
moth (452).jpg,1
moth (496).jpg,1
moth (468).jpg,1
moth (88).jpg,1
moth (460).jpg,1
moth (86).jpg,1
moth (98).jpg,1
moth (66).jpg,1
moth (62).jpg,1
moth (432).jpg,1
moth (93).jpg,1
moth (53).jpg,1
moth (467).jpg,1
moth (96).jpg,1
moth (457).jpg,1
moth (82).jpg,1
moth (252).jpg,1
moth (78).jpg,1
moth (149).jpg,1
moth (17).jpg,1
moth (407).jpg,1
moth (238).jpg,1
moth (321).jpg,1
moth (476).jpg,1
moth (173).jpg,1
moth (132).jpg,1
moth (474).jpg,1
moth (75).jpg,1
moth (420).jpg,1
moth (450).jpg,1
moth (433).jpg,1
moth (90).jpg,1
moth (77).jpg,1
moth (60).jpg,1
moth (399).jpg,1
moth (371).jpg,1
moth (171).jpg,1
moth (449).jpg,1
moth (325).jpg,1
moth (57).jpg,1
moth (236).jpg,1
moth (338).jpg,1
moth (101).jpg,1
moth (439).jpg,1
moth (495).jpg,1
moth (128).jpg,1
moth (45).jpg,1
moth (280).jpg,1
moth (437).jpg,1
moth (477).jpg,1
moth (443).jpg,1
moth (44).jpg,1
moth (493).jpg,1
moth (99).jpg,1
moth (373).jpg,1
moth (8).jpg,1
moth (73).jpg,1
moth (159).jpg,1
moth (456).jpg,1
moth (244).jpg,1
moth (52).jpg,1
moth (486).jpg,1
moth (438).jpg,1
moth (85).jpg,1
moth (491).jpg,1
moth (109).jpg,1
moth (382).jpg,1
moth (40).jpg,1
moth (63).jpg,1
moth (49).jpg,1
moth (100).jpg,1
moth (478).jpg,1
moth (375).jpg,1
moth (494).jpg,1
moth (440).jpg,1
moth (61).jpg,1
moth (50).jpg,1
moth (257).jpg,1
moth (353).jpg,1
moth (79).jpg,1
moth (231).jpg,1
moth (488).jpg,1
moth (275).jpg,1
moth (94).jpg,1
moth (388).jpg,1
moth (219).jpg,1
moth (65).jpg,1
moth (222).jpg,1
moth (472).jpg,1
moth (5).jpg,1
moth (462).jpg,1
moth (487).jpg,1
moth (485).jpg,1
moth (458).jpg,1
moth (284).jpg,1
moth (14).jpg,1
moth (435).jpg,1
moth (265).jpg,1
moth (394).jpg,1
moth (355).jpg,1
moth (337).jpg,1
moth (19).jpg,1
moth (277).jpg,1
moth (292).jpg,1
moth (377).jpg,1
moth (133).jpg,1
moth (183).jpg,1
moth (423).jpg,1
moth (273).jpg,1
moth (417).jpg,1
moth (270).jpg,1
moth (237).jpg,1
moth (206).jpg,1
moth (342).jpg,1
moth (418).jpg,1
moth (1).png,1
moth (197).jpg,1
moth (145).jpg,1
moth (389).jpg,1
moth (180).jpg,1
moth (22).jpg,1
moth (218).jpg,1
moth (346).jpg,1
moth (153).jpg,1
moth (401).jpg,1
moth (129).jpg,1
moth (316).jpg,1
moth (230).jpg,1
moth (393).jpg,1
moth (378).jpg,1
moth (246).jpg,1
moth (39).jpg,1
moth (175).jpg,1
moth (398).jpg,1
moth (217).jpg,1
moth (33).jpg,1
moth (310).jpg,1
moth (365).jpg,1
moth (350).jpg,1
moth (306).jpg,1
moth (32).jpg,1
moth (299).jpg,1
moth (335).jpg,1
moth (314).jpg,1
moth (400).jpg,1
moth (111).jpg,1
moth (205).jpg,1
moth (160).jpg,1
moth (271).jpg,1
moth (210).jpg,1
moth (285).jpg,1
moth (312).jpg,1
moth (41).jpg,1
moth (226).jpg,1
moth (2).jpg,1
moth (201).jpg,1
moth (102).jpg,1
moth (136).jpg,1
moth (169).jpg,1
moth (16).jpg,1
moth (182).jpg,1
moth (1).jpg,1
moth (408).jpg,1
moth (35).jpg,1
moth (374).jpg,1
moth (38).jpg,1
moth (260).jpg,1
moth (202).jpg,1
moth (174).jpg,1
moth (119).jpg,1
moth (211).jpg,1
moth (286).jpg,1
moth (364).jpg,1
moth (307).jpg,1
moth (386).jpg,1
moth (28).jpg,1
moth (168).jpg,1
moth (360).jpg,1
moth (172).jpg,1
moth (419).jpg,1
moth (139).jpg,1
moth (396).jpg,1
moth (142).jpg,1
moth (189).jpg,1
moth (368).jpg,1
moth (268).jpg,1
moth (137).jpg,1
moth (358).jpg,1
moth (224).jpg,1
moth (140).jpg,1
moth (131).jpg,1
moth (184).jpg,1
moth (190).jpg,1
moth (383).jpg,1
moth (195).jpg,1
moth (345).jpg,1
moth (43).jpg,1
moth (147).jpg,1
moth (148).jpg,1
moth (221).jpg,1
moth (305).jpg,1
moth (130).jpg,1
moth (127).jpg,1
moth (362).jpg,1
moth (253).jpg,1
moth (134).jpg,1
moth (150).jpg,1
moth (110).jpg,1
moth (223).jpg,1
moth (209).jpg,1
moth (413).jpg,1
moth (203).jpg,1
moth (249).jpg,1
moth (208).jpg,1
moth (341).jpg,1
moth (336).jpg,1
moth (165).jpg,1
moth (117).jpg,1
moth (402).jpg,1
moth (37).jpg,1
moth (229).jpg,1
moth (289).jpg,1
moth (269).jpg,1
moth (114).jpg,1
moth (361).jpg,1
moth (26).jpg,1
moth (409).jpg,1
moth (23).jpg,1
moth (241).jpg,1
moth (351).jpg,1
moth (178).jpg,1
moth (121).jpg,1
moth (21).jpg,1
moth (194).jpg,1
moth (239).jpg,1
moth (187).jpg,1
moth (152).jpg,1
moth (332).jpg,1
moth (176).jpg,1
moth (106).jpg,1
moth (272).jpg,1
moth (107).jpg,1
moth (179).jpg,1
moth (344).jpg,1
moth (369).jpg,1
moth (155).jpg,1
moth (267).jpg,1
moth (406).jpg,1
moth (235).jpg,1
moth (427).jpg,1
moth (177).jpg,1
moth (352).jpg,1
moth (385).jpg,1
moth (104).jpg,1
moth (250).jpg,1
moth (326).jpg,1
moth (416).jpg,1
moth (297).jpg,1
moth (410).jpg,1
moth (196).jpg,1
moth (424).jpg,1
moth (367).jpg,1
moth (333).jpg,1
moth (135).jpg,1
moth (296).jpg,1
moth (324).jpg,1
moth (146).jpg,1
moth (42).jpg,1
moth (428).jpg,1
moth (27).jpg,1
moth (163).jpg,1
moth (405).jpg,1
moth (309).jpg,1
moth (126).jpg,1
moth (274).jpg,1
moth (327).jpg,1
moth (372).jpg,1
moth (340).jpg,1
moth (381).jpg,1
moth (256).jpg,1
moth (387).jpg,1
moth (25).jpg,1
moth (261).jpg,1
moth (298).jpg,1
moth (207).jpg,1
moth (415).jpg,1
moth (370).jpg,1
moth (242).jpg,1
moth (240).jpg,1
moth (411).jpg,1
moth (215).jpg,1
moth (227).jpg,1
moth (380).jpg,1
moth (122).jpg,1
moth (166).jpg,1
moth (323).jpg,1
moth (301).jpg,1
moth (403).jpg,1
moth (356).jpg,1
moth (276).jpg,1
moth (4).jpg,1
moth (397).jpg,1
moth (258).jpg,1
moth (308).jpg,1
moth (348).jpg,1
moth (200).jpg,1
moth (263).jpg,1
moth (143).jpg,1
moth (234).jpg,1
moth (118).jpg,1
moth (339).jpg,1
moth (291).jpg,1
moth (279).jpg,1
moth (259).jpg,1
moth (330).jpg,1
moth (29).jpg,1
moth (354).jpg,1
moth (24).jpg,1
moth (395).jpg,1
moth (103).jpg,1
moth (13).jpg,1
moth (412).jpg,1
moth (315).jpg,1
moth (391).jpg,1
moth (34).jpg,1
moth (422).jpg,1
moth (11).jpg,1
moth (379).jpg,1
moth (319).jpg,1
moth (331).jpg,1
moth (113).jpg,1
moth (212).jpg,1
moth (220).jpg,1
moth (112).jpg,1
moth (266).jpg,1
moth (429).jpg,1
moth (18).jpg,1
moth (328).jpg,1
moth (199).jpg,1
moth (12).jpg,1
moth (363).jpg,1
moth (115).jpg,1
moth (311).jpg,1
moth (295).jpg,1
moth (31).jpg,1
moth (167).jpg,1
moth (349).jpg,1
moth (318).jpg,1
moth (198).jpg,1
moth (161).jpg,1
moth (421).jpg,1
moth (404).jpg,1
moth (3).jpg,1
moth (156).jpg,1
moth (251).jpg,1
moth (247).jpg,1
moth (376).jpg,1
moth (303).jpg,1
moth (204).jpg,1
moth (278).jpg,1
moth (162).jpg,1
moth (343).jpg,1
moth (293).jpg,1
moth (304).jpg,1
moth (120).jpg,1
moth (213).jpg,1
moth (125).jpg,1
moth (392).jpg,1
moth (141).jpg,1
moth (300).jpg,1
moth (254).jpg,1
moth (281).jpg,1
moth (320).jpg,1
moth (36).jpg,1
moth (245).jpg,1
moth (322).jpg,1
moth (30).jpg,1
moth (123).jpg,1
moth (15).jpg,1
moth (262).jpg,1
moth (228).jpg,1
moth (225).jpg,1
moth (264).jpg,1
moth (302).jpg,1
moth (329).jpg,1
moth (151).jpg,1
moth (255).jpg,1
moth (233).jpg,1
moth (282).jpg,1
moth (164).jpg,1
moth (384).jpg,1
moth (390).jpg,1
moth (144).jpg,1
moth (426).jpg,1
moth (366).jpg,1
moth (157).jpg,1
moth (181).jpg,1
moth (108).jpg,1
moth (359).jpg,1
moth (347).jpg,1
moth (290).jpg,1
moth (116).jpg,1
moth (192).jpg,1
moth (20).jpg,1
moth (158).jpg,1
moth (186).jpg,1
moth (313).jpg,1
moth (288).jpg,1
moth (283).jpg,1
moth (243).jpg,1
moth (334).jpg,1
moth (105).jpg,1
moth (193).jpg,1
moth (188).jpg,1
moth (287).jpg,1
moth (248).jpg,1
moth (10).jpg,1
moth (191).jpg,1
moth (138).jpg,1
moth (124).jpg,1
moth (232).jpg,1
moth (216).jpg,1
moth (170).jpg,1
moth (214).jpg,1
moth (294).jpg,1
moth (357).jpg,1
moth (154).jpg,1
moth (425).jpg,1
moth (317).jpg,1
moth (185).jpg,1
moth (414).jpg,1
