file_name,is_pest
slug (246).jpg,1
slug (202).jpg,1
slug (155).jpg,1
slug (9).jpg,1
slug (353).jpg,1
slug (305).jpg,1
slug (256).jpg,1
slug (1).png,1
slug (94).jpg,1
slug (52).jpg,1
slug (274).jpg,1
slug (40).jpg,1
slug (62).jpg,1
slug (35).jpg,1
slug (212).jpg,1
slug (218).jpg,1
slug (324).jpg,1
slug (188).jpg,1
slug (183).jpg,1
slug (28).jpg,1
slug (117).jpg,1
slug (382).jpg,1
slug (220).jpg,1
slug (147).jpg,1
slug (125).jpg,1
slug (332).jpg,1
slug (315).jpg,1
slug (92).jpg,1
slug (46).jpg,1
slug (177).jpg,1
slug (2).png,1
slug (245).jpg,1
slug (159).jpg,1
slug (289).jpg,1
slug (251).jpg,1
slug (169).jpg,1
slug (95).jpg,1
slug (380).jpg,1
slug (219).jpg,1
slug (258).jpg,1
slug (93).jpg,1
slug (143).jpg,1
slug (376).jpg,1
slug (226).jpg,1
slug (140).jpg,1
slug (190).jpg,1
slug (363).jpg,1
slug (63).jpg,1
slug (85).jpg,1
slug (290).jpg,1
slug (90).jpg,1
slug (186).jpg,1
slug (259).jpg,1
slug (330).jpg,1
slug (236).jpg,1
slug (250).jpg,1
slug (279).jpg,1
slug (59).jpg,1
slug (105).jpg,1
slug (355).jpg,1
slug (74).jpg,1
slug (357).jpg,1
slug (116).jpg,1
slug (228).jpg,1
slug (203).jpg,1
slug (248).jpg,1
slug (334).jpg,1
slug (41).jpg,1
slug (81).jpg,1
slug (240).jpg,1
slug (57).jpg,1
slug (383).jpg,1
slug (207).jpg,1
slug (195).jpg,1
slug (86).jpg,1
slug (76).jpg,1
slug (148).jpg,1
slug (268).jpg,1
slug (98).jpg,1
slug (67).jpg,1
slug (323).jpg,1
slug (121).jpg,1
slug (118).jpg,1
slug (335).jpg,1
slug (112).jpg,1
slug (326).jpg,1
slug (378).jpg,1
slug (243).jpg,1
slug (115).jpg,1
slug (375).jpg,1
slug (297).jpg,1
slug (210).jpg,1
slug (39).jpg,1
slug (97).jpg,1
slug (307).jpg,0
slug (64).jpg,1
slug (282).jpg,1
slug (176).jpg,1
slug (337).jpg,1
slug (366).jpg,1
slug (182).jpg,1
slug (166).jpg,1
slug (388).jpg,1
slug (287).jpg,1
slug (386).jpg,1
slug (137).jpg,1
slug (247).jpg,1
slug (331).jpg,1
slug (170).jpg,1
slug (49).jpg,1
slug (141).jpg,0
slug (8).jpg,1
slug (32).jpg,1
slug (238).jpg,1
slug (316).jpg,1
slug (187).jpg,1
slug (123).jpg,1
slug (48).jpg,1
slug (320).jpg,1
slug (130).jpg,1
slug (185).jpg,1
slug (111).jpg,1
slug (194).jpg,1
slug (50).jpg,1
slug (223).jpg,1
slug (102).jpg,1
slug (338).jpg,1
slug (281).jpg,1
slug (128).jpg,1
slug (343).jpg,1
slug (336).jpg,1
slug (150).jpg,1
slug (221).jpg,1
slug (156).jpg,1
slug (298).jpg,1
slug (5).jpg,1
slug (367).jpg,1
slug (197).jpg,1
slug (157).jpg,1
slug (69).jpg,1
slug (325).jpg,1
slug (99).jpg,1
slug (310).jpg,1
slug (18).jpg,1
slug (288).jpg,1
slug (358).jpg,1
slug (213).jpg,1
slug (45).jpg,1
slug (317).jpg,1
slug (88).jpg,1
slug (136).jpg,1
slug (204).jpg,1
slug (374).jpg,1
slug (303).jpg,1
slug (230).jpg,1
slug (242).jpg,1
slug (71).jpg,1
slug (381).jpg,1
slug (2).jpg,1
slug (385).jpg,1
slug (275).jpg,1
slug (356).jpg,1
slug (38).jpg,1
slug (158).jpg,1
slug (373).jpg,1
slug (29).jpg,1
slug (132).jpg,1
slug (232).jpg,1
slug (138).jpg,1
slug (27).jpg,1
slug (211).jpg,1
slug (199).jpg,1
slug (229).jpg,1
slug (22).jpg,1
slug (37).jpg,1
slug (244).jpg,1
slug (327).jpg,1
slug (24).jpg,1
slug (124).jpg,1
slug (153).jpg,1
slug (60).jpg,1
slug (361).jpg,1
slug (152).jpg,1
slug (189).jpg,1
slug (254).jpg,0
slug (100).jpg,1
slug (101).jpg,1
slug (270).jpg,1
slug (370).jpg,1
slug (234).jpg,1
slug (167).jpg,1
slug (368).jpg,1
slug (304).jpg,1
slug (193).jpg,1
slug (206).jpg,1
slug (201).jpg,1
slug (108).jpg,1
slug (253).jpg,1
slug (352).jpg,1
slug (286).jpg,1
slug (237).jpg,1
slug (164).jpg,1
slug (302).jpg,1
slug (389).jpg,1
slug (339).jpg,1
slug (257).jpg,1
slug (222).jpg,1
slug (13).jpg,1
slug (351).jpg,1
slug (214).jpg,1
slug (134).jpg,1
slug (346).jpg,1
slug (83).jpg,1
slug (255).jpg,1
slug (272).jpg,1
slug (66).jpg,1
slug (79).jpg,1
slug (365).jpg,1
slug (364).jpg,1
slug (114).jpg,1
slug (3).jpg,1
slug (26).jpg,1
slug (300).jpg,1
slug (309).jpg,1
slug (161).jpg,1
slug (82).jpg,1
slug (329).jpg,1
slug (80).jpg,1
slug (146).jpg,1
slug (89).jpg,1
slug (348).jpg,1
slug (362).jpg,1
slug (261).jpg,1
slug (133).jpg,1
slug (181).jpg,1
slug (178).jpg,1
slug (68).jpg,1
slug (328).jpg,1
slug (369).jpg,1
slug (107).jpg,1
slug (110).jpg,1
slug (296).jpg,1
slug (266).jpg,1
slug (344).jpg,1
slug (299).jpg,1
slug (163).jpg,1
slug (17).jpg,1
slug (308).jpg,1
slug (340).jpg,1
slug (34).jpg,1
slug (233).jpg,1
slug (314).jpg,1
slug (91).jpg,1
slug (106).jpg,1
slug (215).jpg,1
slug (77).jpg,1
slug (43).jpg,1
slug (284).jpg,1
slug (73).jpg,1
slug (306).jpg,1
slug (131).jpg,1
slug (104).jpg,1
slug (154).jpg,1
slug (4).jpg,1
slug (285).jpg,1
slug (103).jpg,1
slug (276).jpg,1
slug (31).jpg,1
slug (318).jpg,1
slug (347).jpg,1
slug (321).jpg,1
slug (70).jpg,1
slug (171).jpg,1
slug (360).jpg,1
slug (283).jpg,1
slug (172).jpg,1
slug (1).jpg,1
slug (142).jpg,1
slug (25).jpg,1
slug (58).jpg,1
slug (174).jpg,1
slug (271).jpg,1
slug (56).jpg,1
slug (387).jpg,1
slug (109).jpg,1
slug (384).jpg,1
slug (15).jpg,1
slug (264).jpg,1
slug (277).jpg,1
slug (235).jpg,1
slug (209).jpg,1
slug (33).jpg,1
slug (205).jpg,1
slug (293).jpg,1
slug (65).jpg,1
slug (231).jpg,1
slug (113).jpg,1
slug (16).jpg,1
slug (139).jpg,1
slug (341).jpg,1
slug (149).jpg,1
slug (84).jpg,1
slug (260).jpg,1
slug (42).jpg,1
slug (87).jpg,1
slug (379).jpg,1
slug (313).jpg,1
slug (96).jpg,1
slug (252).jpg,1
slug (173).jpg,1
slug (311).jpg,1
slug (184).jpg,1
slug (44).jpg,1
slug (129).jpg,1
slug (262).jpg,1
slug (120).jpg,1
slug (78).jpg,1
slug (192).jpg,1
slug (354).jpg,1
slug (72).jpg,1
slug (51).jpg,1
slug (239).jpg,1
slug (162).jpg,1
slug (135).jpg,1
slug (175).jpg,1
slug (54).jpg,1
slug (295).jpg,1
slug (333).jpg,1
slug (292).jpg,1
slug (122).jpg,1
slug (345).jpg,1
slug (322).jpg,1
slug (225).jpg,1
slug (249).jpg,1
slug (30).jpg,1
slug (227).jpg,1
slug (75).jpg,1
slug (371).jpg,1
slug (6).jpg,1
slug (198).jpg,1
slug (127).jpg,1
slug (208).jpg,1
slug (126).jpg,1
slug (191).jpg,1
slug (372).jpg,1
slug (36).jpg,1
slug (160).jpg,1
slug (14).jpg,1
slug (165).jpg,1
slug (301).jpg,1
slug (265).jpg,1
slug (294).jpg,1
slug (61).jpg,1
slug (269).jpg,1
slug (241).jpg,1
slug (319).jpg,1
slug (21).jpg,1
slug (359).jpg,1
slug (168).jpg,1
slug (273).jpg,1
slug (151).jpg,1
slug (145).jpg,1
slug (377).jpg,1
slug (19).jpg,1
slug (216).jpg,1
slug (278).jpg,1
slug (267).jpg,1
slug (20).jpg,1
slug (280).jpg,1
slug (47).jpg,1
slug (312).jpg,1
slug (196).jpg,1
slug (12).jpg,1
slug (53).jpg,1
slug (55).jpg,1
slug (7).jpg,1
slug (200).jpg,1
slug (263).jpg,1
slug (350).jpg,1
slug (11).jpg,1
slug (10).jpg,1
slug (144).jpg,1
slug (179).jpg,1
slug (119).jpg,1
slug (180).jpg,1
slug (224).jpg,1
slug (23).jpg,1
slug (342).jpg,1
slug (349).jpg,1
slug (291).jpg,1
slug (217).jpg,1
