file_name,is_pest
snail (223).jpg,1
snail (204).jpg,1
snail (138).jpg,1
snail (351).jpg,1
snail (63).jpg,1
snail (300).jpg,1
snail (368).jpg,1
snail (344).jpg,1
snail (244).jpg,1
snail (410).jpg,1
snail (431).jpg,1
snail (238).jpg,1
snail (4).jpg,1
snail (50).jpg,1
snail (491).jpg,1
snail (330).jpg,1
snail (449).jpg,1
snail (415).jpg,1
snail (416).jpg,1
snail (383).jpg,1
snail (209).jpg,1
snail (20).jpg,1
snail (347).jpg,1
snail (212).jpg,1
snail (153).jpg,1
snail (394).jpg,1
snail (100).jpg,1
snail (479).jpg,1
snail (417).jpg,1
snail (278).jpg,1
snail (165).jpg,1
snail (28).jpg,1
snail (423).jpg,1
snail (35).jpg,1
snail (279).jpg,1
snail (267).jpg,1
snail (155).jpg,1
snail (199).jpg,1
snail (252).jpg,1
snail (437).jpg,1
snail (463).jpg,1
snail (94).jpg,1
snail (158).jpg,1
snail (160).jpg,1
snail (189).jpg,1
snail (156).jpg,1
snail (38).jpg,1
snail (425).jpg,1
snail (89).jpg,1
snail (125).jpg,1
snail (399).jpg,1
snail (426).jpg,1
snail (49).jpg,1
snail (439).jpg,1
snail (59).jpg,1
snail (57).jpg,1
snail (218).jpg,1
snail (227).jpg,1
snail (338).jpg,1
snail (243).jpg,1
snail (196).jpg,1
snail (473).jpg,1
snail (306).jpg,1
snail (235).jpg,1
snail (272).jpg,1
snail (184).jpg,1
snail (281).jpg,1
snail (146).jpg,1
snail (62).jpg,1
snail (220).jpg,1
snail (378).jpg,1
snail (65).jpg,1
snail (481).jpg,1
snail (477).jpg,1
snail (36).jpg,1
snail (400).jpg,1
snail (240).jpg,1
snail (182).jpg,1
snail (200).jpg,1
snail (430).jpg,1
snail (225).jpg,1
snail (104).jpg,1
snail (271).jpg,1
snail (173).jpg,1
snail (85).jpg,1
snail (215).jpg,1
snail (381).jpg,1
snail (233).jpg,1
snail (241).jpg,1
snail (27).jpg,1
snail (433).jpg,1
snail (128).jpg,1
snail (498).jpg,1
snail (169).jpg,1
snail (77).jpg,1
snail (58).jpg,1
snail (1).jpg,1
snail (141).jpg,1
snail (176).jpg,1
snail (314).jpg,1
snail (41).jpg,1
snail (277).jpg,1
snail (109).jpg,1
snail (216).jpg,1
snail (486).jpg,1
snail (428).jpg,1
snail (305).jpg,1
snail (456).jpg,1
snail (390).jpg,1
snail (123).jpg,1
snail (440).jpg,1
snail (7).jpg,1
snail (168).jpg,1
snail (315).jpg,1
snail (86).jpg,1
snail (382).jpg,1
snail (370).jpg,1
snail (319).jpg,1
snail (211).jpg,1
snail (286).jpg,1
snail (48).jpg,1
snail (454).jpg,1
snail (81).jpg,1
snail (178).jpg,1
snail (363).jpg,1
snail (193).jpg,1
snail (237).jpg,1
snail (16).jpg,1
snail (133).jpg,1
snail (148).jpg,1
snail (452).jpg,1
snail (172).jpg,1
snail (73).jpg,1
snail (130).jpg,1
snail (355).jpg,1
snail (345).jpg,1
snail (413).jpg,1
snail (471).jpg,1
snail (317).jpg,1
snail (434).jpg,1
snail (280).jpg,1
snail (291).jpg,1
snail (202).jpg,1
snail (438).jpg,1
snail (299).jpg,1
snail (466).jpg,1
snail (465).jpg,1
snail (164).jpg,1
snail (250).jpg,1
snail (101).jpg,1
snail (483).jpg,1
snail (404).jpg,1
snail (12).jpg,1
snail (385).jpg,1
snail (150).jpg,1
snail (455).jpg,1
snail (210).jpg,1
snail (79).jpg,1
snail (54).jpg,1
snail (25).jpg,1
snail (134).jpg,1
snail (52).jpg,1
snail (191).jpg,1
snail (2).jpg,1
snail (5).jpg,1
snail (26).jpg,1
snail (242).jpg,1
snail (46).jpg,1
snail (489).jpg,1
snail (453).jpg,1
snail (398).jpg,1
snail (266).jpg,1
snail (185).jpg,1
snail (333).jpg,1
snail (297).jpg,1
snail (83).jpg,1
snail (447).jpg,1
snail (358).jpg,1
snail (99).jpg,1
snail (92).jpg,1
snail (287).jpg,1
snail (29).jpg,1
snail (356).jpg,1
snail (322).jpg,1
snail (393).jpg,1
snail (268).jpg,1
snail (18).jpg,1
snail (460).jpg,1
snail (340).jpg,1
snail (31).jpg,1
snail (490).jpg,1
snail (66).jpg,1
snail (301).jpg,1
snail (55).jpg,1
snail (192).jpg,1
snail (487).jpg,1
snail (380).jpg,1
snail (206).jpg,1
snail (254).jpg,1
snail (230).jpg,1
snail (391).jpg,1
snail (414).jpg,1
snail (273).jpg,1
snail (445).jpg,1
snail (269).jpg,1
snail (179).jpg,1
snail (95).jpg,1
snail (371).jpg,1
snail (464).jpg,1
snail (43).jpg,1
snail (412).jpg,1
snail (80).jpg,1
snail (339).jpg,1
snail (307).jpg,1
snail (264).jpg,1
snail (88).jpg,1
snail (208).jpg,1
snail (56).jpg,1
snail (51).jpg,1
snail (396).jpg,1
snail (359).jpg,1
snail (262).jpg,1
snail (284).jpg,1
snail (190).jpg,1
snail (110).jpg,1
snail (205).jpg,1
snail (214).jpg,1
snail (152).jpg,1
snail (187).jpg,1
snail (332).jpg,1
snail (349).jpg,1
snail (469).jpg,1
snail (33).jpg,1
snail (459).jpg,1
snail (419).jpg,1
snail (14).jpg,1
snail (115).jpg,1
snail (357).jpg,1
snail (352).jpg,1
snail (495).jpg,1
snail (290).jpg,1
snail (107).jpg,1
snail (375).jpg,1
snail (450).jpg,1
snail (229).jpg,1
snail (376).jpg,1
snail (325).jpg,1
snail (135).jpg,1
snail (324).jpg,1
snail (30).jpg,1
snail (298).jpg,1
snail (328).jpg,1
snail (444).jpg,1
snail (384).jpg,1
snail (480).jpg,1
snail (53).jpg,1
snail (231).jpg,1
snail (118).jpg,1
snail (386).jpg,1
snail (408).jpg,1
snail (248).jpg,1
snail (22).jpg,1
snail (275).jpg,1
snail (222).jpg,1
snail (257).jpg,1
snail (323).jpg,1
snail (436).jpg,1
snail (42).jpg,1
snail (389).jpg,1
snail (335).jpg,1
snail (74).jpg,1
snail (126).jpg,1
snail (149).jpg,1
snail (87).jpg,1
snail (343).jpg,1
snail (170).jpg,1
snail (354).jpg,1
snail (405).jpg,1
snail (379).jpg,1
snail (478).jpg,1
snail (68).jpg,1
snail (497).jpg,1
snail (302).jpg,1
snail (485).jpg,1
snail (468).jpg,1
snail (409).jpg,1
snail (427).jpg,1
snail (283).jpg,1
snail (116).jpg,1
snail (308).jpg,1
snail (98).jpg,1
snail (32).jpg,1
snail (407).jpg,1
snail (226).jpg,1
snail (17).jpg,1
snail (429).jpg,1
snail (253).jpg,1
snail (219).jpg,1
snail (367).jpg,1
snail (108).jpg,1
snail (373).jpg,1
snail (329).jpg,1
snail (132).jpg,1
snail (424).jpg,1
snail (494).jpg,1
snail (91).jpg,1
snail (232).jpg,1
snail (247).jpg,1
snail (44).jpg,1
snail (289).jpg,1
snail (406).jpg,1
snail (177).jpg,1
snail (234).jpg,1
snail (259).jpg,1
snail (105).jpg,1
snail (139).jpg,1
snail (45).jpg,1
snail (395).jpg,1
snail (6).jpg,1
snail (294).jpg,1
snail (9).jpg,1
snail (188).jpg,1
snail (19).jpg,1
snail (326).jpg,1
snail (451).jpg,1
snail (361).jpg,1
snail (316).jpg,1
snail (499).jpg,1
snail (111).jpg,1
snail (60).jpg,1
snail (443).jpg,1
snail (274).jpg,1
snail (303).jpg,1
snail (24).jpg,1
snail (117).jpg,1
snail (198).jpg,1
snail (181).jpg,1
snail (221).jpg,1
snail (96).jpg,1
snail (249).jpg,1
snail (102).jpg,1
snail (448).jpg,1
snail (140).jpg,1
snail (121).jpg,1
snail (84).jpg,1
snail (180).jpg,1
snail (446).jpg,1
snail (40).jpg,1
snail (285).jpg,1
snail (245).jpg,1
snail (183).jpg,1
snail (161).jpg,1
snail (372).jpg,1
snail (78).jpg,1
snail (72).jpg,1
snail (93).jpg,1
snail (251).jpg,1
snail (39).jpg,1
snail (342).jpg,1
snail (157).jpg,1
snail (186).jpg,1
snail (293).jpg,1
snail (392).jpg,1
snail (144).jpg,1
snail (295).jpg,1
snail (213).jpg,1
snail (163).jpg,1
snail (112).jpg,1
snail (76).jpg,1
snail (365).jpg,1
snail (3).jpg,1
snail (337).jpg,1
snail (194).jpg,1
snail (418).jpg,1
snail (310).jpg,1
snail (411).jpg,1
snail (432).jpg,1
snail (402).jpg,1
snail (143).jpg,1
snail (397).jpg,1
snail (228).jpg,1
snail (435).jpg,1
snail (362).jpg,1
snail (147).jpg,1
snail (129).jpg,1
snail (292).jpg,1
snail (124).jpg,1
snail (207).jpg,1
snail (167).jpg,1
snail (113).jpg,1
snail (441).jpg,1
snail (195).jpg,1
snail (37).jpg,1
snail (137).jpg,1
snail (64).jpg,1
snail (162).jpg,1
snail (461).jpg,1
snail (482).jpg,1
snail (82).jpg,1
snail (10).jpg,1
snail (474).jpg,1
snail (270).jpg,1
snail (312).jpg,1
snail (476).jpg,1
snail (457).jpg,1
snail (8).jpg,1
snail (318).jpg,1
snail (336).jpg,1
snail (348).jpg,1
snail (462).jpg,1
snail (467).jpg,1
snail (261).jpg,1
snail (327).jpg,1
snail (23).jpg,1
snail (276).jpg,1
snail (151).jpg,1
snail (388).jpg,1
snail (175).jpg,1
snail (246).jpg,1
snail (256).jpg,1
snail (21).jpg,1
snail (159).jpg,1
snail (11).jpg,1
snail (320).jpg,1
snail (309).jpg,1
snail (401).jpg,1
snail (224).jpg,1
snail (217).jpg,1
snail (353).jpg,1
snail (145).jpg,1
snail (127).jpg,1
snail (334).jpg,1
snail (122).jpg,1
snail (171).jpg,1
snail (475).jpg,1
snail (120).jpg,1
snail (106).jpg,1
snail (114).jpg,1
snail (369).jpg,1
snail (304).jpg,1
snail (166).jpg,1
snail (154).jpg,1
snail (420).jpg,1
snail (346).jpg,1
snail (260).jpg,1
snail (366).jpg,1
snail (350).jpg,1
snail (288).jpg,1
snail (1).png,1
snail (69).jpg,1
snail (61).jpg,1
snail (201).jpg,1
snail (484).jpg,1
snail (458).jpg,1
snail (265).jpg,1
snail (421).jpg,1
snail (47).jpg,1
snail (239).jpg,1
snail (321).jpg,1
snail (97).jpg,1
snail (442).jpg,1
snail (13).jpg,1
snail (492).jpg,1
snail (15).jpg,1
snail (197).jpg,1
snail (203).jpg,1
snail (331).jpg,1
snail (71).jpg,1
snail (374).jpg,1
snail (136).jpg,1
snail (341).jpg,1
snail (488).jpg,1
snail (377).jpg,1
snail (131).jpg,1
snail (174).jpg,1
snail (387).jpg,1
snail (255).jpg,1
snail (313).jpg,1
snail (119).jpg,1
snail (67).jpg,1
snail (296).jpg,1
snail (496).jpg,1
snail (360).jpg,1
snail (263).jpg,1
snail (70).jpg,1
snail (103).jpg,1
snail (75).jpg,1
snail (403).jpg,1
snail (422).jpg,1
snail (258).jpg,1
snail (472).jpg,1
snail (142).jpg,1
snail (282).jpg,1
snail (470).jpg,1
snail (311).jpg,1
snail (236).jpg,1
snail (34).jpg,1
snail (364).jpg,1
snail (493).jpg,1
snail (90).jpg,1
