file_name,is_pest
wasp (781).jpg,0
wasp (966).jpg,0
wasp (963).jpg,0
wasp (904).jpg,0
wasp (925).jpg,0
wasp (931).jpg,0
wasp (990).jpg,0
wasp (859).jpg,0
wasp (918).jpg,0
wasp (827).jpg,0
wasp (847).jpg,0
wasp (812).jpg,0
wasp (980).jpg,0
wasp (890).jpg,0
wasp (798).jpg,0
wasp (783).jpg,0
wasp (799).jpg,0
wasp (825).jpg,0
wasp (774).jpg,0
wasp (786).jpg,0
wasp (816).jpg,0
wasp (780).jpg,0
wasp (778).jpg,0
wasp (775).jpg,0
wasp (895).jpg,0
wasp (807).jpg,0
wasp (937).jpg,0
wasp (896).jpg,0
wasp (903).jpg,0
wasp (769).jpg,0
wasp (971).jpg,0
wasp (820).jpg,0
wasp (920).jpg,0
wasp (961).jpg,0
wasp (898).jpg,0
wasp (946).jpg,0
wasp (797).jpg,0
wasp (776).jpg,0
wasp (818).jpg,0
wasp (843).jpg,0
wasp (813).jpg,0
wasp (986).jpg,0
wasp (841).jpg,0
wasp (870).jpg,0
wasp (867).jpg,0
wasp (914).jpg,0
wasp (983).jpg,0
wasp (845).jpg,0
wasp (808).jpg,0
wasp (921).jpg,0
wasp (956).jpg,0
wasp (907).jpg,0
wasp (826).jpg,0
wasp (851).jpg,0
wasp (875).jpg,0
wasp (876).jpg,0
wasp (977).jpg,0
wasp (790).jpg,0
wasp (822).jpg,0
wasp (795).jpg,0
wasp (987).jpg,0
wasp (860).jpg,0
wasp (868).jpg,0
wasp (991).jpg,0
wasp (965).jpg,0
wasp (919).jpg,0
wasp (972).jpg,0
wasp (910).jpg,0
wasp (848).jpg,0
wasp (985).jpg,0
wasp (833).jpg,0
wasp (976).jpg,0
wasp (872).jpg,0
wasp (779).jpg,0
wasp (993).jpg,0
wasp (948).jpg,0
wasp (811).jpg,0
wasp (902).jpg,0
wasp (765).jpg,0
wasp (899).jpg,0
wasp (792).jpg,0
wasp (853).jpg,0
wasp (767).jpg,0
wasp (916).jpg,0
wasp (938).jpg,0
wasp (830).jpg,0
wasp (974).jpg,0
wasp (913).jpg,0
wasp (874).jpg,0
wasp (945).jpg,0
wasp (823).jpg,0
wasp (911).jpg,0
wasp (871).jpg,0
wasp (936).jpg,0
wasp (877).jpg,0
wasp (942).jpg,0
wasp (908).jpg,0
wasp (954).jpg,0
wasp (789).jpg,0
wasp (817).jpg,0
wasp (887).jpg,0
wasp (881).jpg,0
wasp (967).jpg,0
wasp (791).jpg,0
wasp (964).jpg,0
wasp (866).jpg,0
wasp (951).jpg,0
wasp (926).jpg,0
wasp (883).jpg,0
wasp (796).jpg,0
wasp (886).jpg,0
wasp (858).jpg,0
wasp (879).jpg,0
wasp (787).jpg,0
wasp (960).jpg,0
wasp (905).jpg,0
wasp (803).jpg,0
wasp (815).jpg,0
wasp (885).jpg,0
wasp (777).jpg,0
wasp (969).jpg,0
wasp (805).jpg,0
wasp (806).jpg,0
wasp (984).jpg,0
wasp (849).jpg,0
wasp (888).jpg,0
wasp (788).jpg,0
wasp (930).jpg,0
wasp (794).jpg,0
wasp (865).jpg,0
wasp (894).jpg,0
wasp (766).jpg,0
wasp (996).jpg,0
wasp (840).jpg,0
wasp (838).jpg,0
wasp (842).jpg,0
wasp (835).jpg,0
wasp (952).jpg,0
wasp (906).jpg,0
wasp (968).jpg,0
wasp (923).jpg,0
wasp (855).jpg,0
wasp (880).jpg,0
wasp (917).jpg,0
wasp (924).jpg,0
wasp (900).jpg,0
wasp (941).jpg,0
wasp (824).jpg,0
wasp (846).jpg,0
wasp (982).jpg,0
wasp (928).jpg,0
wasp (857).jpg,0
wasp (844).jpg,0
wasp (832).jpg,0
wasp (922).jpg,0
wasp (959).jpg,0
wasp (909).jpg,0
wasp (850).jpg,0
wasp (939).jpg,0
wasp (768).jpg,0
wasp (782).jpg,0
wasp (897).jpg,0
wasp (962).jpg,0
wasp (831).jpg,0
wasp (771).jpg,0
wasp (950).jpg,0
wasp (997).jpg,0
wasp (981).jpg,0
wasp (873).jpg,0
wasp (828).jpg,0
wasp (947).jpg,0
wasp (854).jpg,0
wasp (784).jpg,0
wasp (802).jpg,0
wasp (955).jpg,0
wasp (869).jpg,0
wasp (864).jpg,0
wasp (863).jpg,0
wasp (773).jpg,0
wasp (992).jpg,0
wasp (935).jpg,0
wasp (819).jpg,0
wasp (852).jpg,0
wasp (834).jpg,0
wasp (995).jpg,0
wasp (957).jpg,0
wasp (940).jpg,0
wasp (949).jpg,0
wasp (821).jpg,0
wasp (912).jpg,0
wasp (929).jpg,0
wasp (882).jpg,0
wasp (893).jpg,0
wasp (793).jpg,0
wasp (800).jpg,0
wasp (943).jpg,0
wasp (804).jpg,0
wasp (932).jpg,0
wasp (944).jpg,0
wasp (934).jpg,0
wasp (975).jpg,0
wasp (829).jpg,0
wasp (973).jpg,0
wasp (933).jpg,0
wasp (810).jpg,0
wasp (862).jpg,0
wasp (892).jpg,0
wasp (861).jpg,0
wasp (785).jpg,0
wasp (915).jpg,0
wasp (839).jpg,0
wasp (856).jpg,0
wasp (891).jpg,0
wasp (979).jpg,0
wasp (988).jpg,0
wasp (809).jpg,0
wasp (878).jpg,0
wasp (994).jpg,0
wasp (978).jpg,0
wasp (814).jpg,0
wasp (901).jpg,0
wasp (801).jpg,0
wasp (889).jpg,0
wasp (836).jpg,0
wasp (927).jpg,0
wasp (958).jpg,0
wasp (633).jpg,0
wasp (739).jpg,0
wasp (702).jpg,0
wasp (683).jpg,0
wasp (599).jpg,0
wasp (508).jpg,0
wasp (629).jpg,0
wasp (660).jpg,0
wasp (678).jpg,0
wasp (711).jpg,0
wasp (535).jpg,0
wasp (691).jpg,0
wasp (525).jpg,0
wasp (526).jpg,0
wasp (534).jpg,0
wasp (673).jpg,0
wasp (626).jpg,0
wasp (750).jpg,0
wasp (729).jpg,0
wasp (837).jpg,0
wasp (688).jpg,0
wasp (725).jpg,0
wasp (681).jpg,0
wasp (540).jpg,0
wasp (722).jpg,0
wasp (628).jpg,0
wasp (607).jpg,0
wasp (553).jpg,0
wasp (744).jpg,1
wasp (569).jpg,0
wasp (743).jpg,0
wasp (547).jpg,0
wasp (610).jpg,0
wasp (651).jpg,0
wasp (631).jpg,0
wasp (565).jpg,0
wasp (594).jpg,0
wasp (752).jpg,0
wasp (517).jpg,0
wasp (638).jpg,0
wasp (531).jpg,0
wasp (518).jpg,0
wasp (676).jpg,0
wasp (705).jpg,0
wasp (742).jpg,0
wasp (665).jpg,0
wasp (989).jpg,0
wasp (701).jpg,0
wasp (756).jpg,0
wasp (603).jpg,0
wasp (715).jpg,0
wasp (604).jpg,0
wasp (634).jpg,0
wasp (544).jpg,0
wasp (640).jpg,0
wasp (712).jpg,0
wasp (513).jpg,0
wasp (661).jpg,0
wasp (519).jpg,0
wasp (613).jpg,0
wasp (567).jpg,0
wasp (590).jpg,0
wasp (554).jpg,0
wasp (884).jpg,0
wasp (703).jpg,0
wasp (772).jpg,0
wasp (738).jpg,0
wasp (727).jpg,0
wasp (741).jpg,0
wasp (571).jpg,0
wasp (552).jpg,0
wasp (970).jpg,0
wasp (689).jpg,0
wasp (536).jpg,0
wasp (717).jpg,0
wasp (770).jpg,0
wasp (575).jpg,0
wasp (621).jpg,0
wasp (755).jpg,0
wasp (666).jpg,0
wasp (672).jpg,0
wasp (511).jpg,0
wasp (736).jpg,0
wasp (543).jpg,0
wasp (641).jpg,0
wasp (645).jpg,0
wasp (593).jpg,0
wasp (632).jpg,0
wasp (669).jpg,0
wasp (735).jpg,0
wasp (667).jpg,0
wasp (625).jpg,0
wasp (753).jpg,0
wasp (674).jpg,0
wasp (737).jpg,0
wasp (570).jpg,0
wasp (501).jpg,0
wasp (654).jpg,0
wasp (677).jpg,0
wasp (719).jpg,0
wasp (763).jpg,0
wasp (682).jpg,0
wasp (685).jpg,0
wasp (658).jpg,0
wasp (670).jpg,0
wasp (560).jpg,0
wasp (539).jpg,0
wasp (583).jpg,0
wasp (537).jpg,0
wasp (623).jpg,0
wasp (724).jpg,0
wasp (659).jpg,0
wasp (585).jpg,0
wasp (699).jpg,0
wasp (627).jpg,0
wasp (732).jpg,0
wasp (595).jpg,0
wasp (529).jpg,0
wasp (761).jpg,0
wasp (642).jpg,0
wasp (675).jpg,0
wasp (671).jpg,0
wasp (602).jpg,0
wasp (679).jpg,0
wasp (649).jpg,0
wasp (557).jpg,0
wasp (653).jpg,0
wasp (528).jpg,0
wasp (657).jpg,0
wasp (740).jpg,0
wasp (568).jpg,0
wasp (652).jpg,0
wasp (516).jpg,0
wasp (527).jpg,0
wasp (598).jpg,0
wasp (532).jpg,0
wasp (710).jpg,0
wasp (706).jpg,0
wasp (548).jpg,0
wasp (584).jpg,0
wasp (592).jpg,0
wasp (636).jpg,0
wasp (509).jpg,0
wasp (609).jpg,0
wasp (728).jpg,0
wasp (506).jpg,0
wasp (556).jpg,0
wasp (713).jpg,0
wasp (591).jpg,0
wasp (747).jpg,0
wasp (731).jpg,0
wasp (637).jpg,0
wasp (620).jpg,0
wasp (608).jpg,0
wasp (588).jpg,0
wasp (644).jpg,0
wasp (617).jpg,0
wasp (639).jpg,0
wasp (684).jpg,0
wasp (647).jpg,0
wasp (618).jpg,0
wasp (587).jpg,0
wasp (714).jpg,0
wasp (596).jpg,0
wasp (541).jpg,0
wasp (704).jpg,0
wasp (564).jpg,0
wasp (697).jpg,0
wasp (523).jpg,0
wasp (692).jpg,0
wasp (589).jpg,0
wasp (693).jpg,0
wasp (510).jpg,0
WASP (1).png,0
wasp (643).jpg,0
wasp (555).jpg,0
wasp (726).jpg,0
wasp (574).jpg,0
wasp (614).jpg,0
wasp (721).jpg,0
wasp (515).jpg,0
wasp (646).jpg,0
wasp (758).jpg,0
wasp (586).jpg,0
wasp (507).jpg,0
wasp (606).jpg,0
wasp (696).jpg,0
wasp (650).jpg,0
wasp (545).jpg,0
wasp (576).jpg,0
wasp (734).jpg,0
wasp (720).jpg,0
wasp (709).jpg,0
wasp (730).jpg,0
wasp (503).jpg,0
wasp (505).jpg,0
wasp (559).jpg,0
wasp (616).jpg,0
wasp (664).jpg,0
wasp (622).jpg,0
wasp (749).jpg,0
wasp (512).jpg,0
wasp (612).jpg,0
wasp (542).jpg,0
wasp (549).jpg,0
wasp (514).jpg,0
wasp (762).jpg,0
wasp (700).jpg,0
wasp (760).jpg,0
wasp (690).jpg,0
wasp (648).jpg,0
wasp (716).jpg,0
wasp (605).jpg,0
wasp (668).jpg,0
wasp (561).jpg,0
wasp (522).jpg,0
wasp (686).jpg,0
wasp (656).jpg,0
wasp (687).jpg,0
wasp (615).jpg,0
wasp (530).jpg,0
wasp (504).jpg,0
wasp (611).jpg,0
wasp (566).jpg,0
wasp (500).jpg,0
wasp (577).jpg,0
wasp (754).jpg,0
wasp (562).jpg,0
wasp (748).jpg,0
wasp (723).jpg,0
wasp (546).jpg,0
wasp (746).jpg,0
wasp (521).jpg,0
wasp (619).jpg,0
wasp (708).jpg,0
wasp (695).jpg,0
wasp (563).jpg,0
wasp (601).jpg,0
wasp (694).jpg,0
wasp (751).jpg,0
wasp (580).jpg,0
wasp (581).jpg,0
wasp (745).jpg,0
wasp (538).jpg,0
wasp (520).jpg,0
wasp (573).jpg,0
wasp (733).jpg,0
wasp (597).jpg,0
wasp (757).jpg,0
wasp (533).jpg,0
wasp (550).jpg,0
wasp (662).jpg,0
wasp (600).jpg,0
wasp (582).jpg,0
WASP (1).jpg,0
wasp (663).jpg,0
wasp (764).jpg,0
wasp (635).jpg,0
wasp (572).jpg,0
wasp (707).jpg,0
wasp (524).jpg,0
wasp (759).jpg,0
wasp (502).jpg,0
wasp (558).jpg,0
wasp (718).jpg,0
wasp (579).jpg,0
wasp (680).jpg,0
wasp (655).jpg,0
wasp (551).jpg,0
wasp (578).jpg,0
wasp (624).jpg,0
wasp (698).jpg,0
