file_name,is_pest
Weevil (77).jpg,1
Weevil (173).jpg,1
Weevil (389).jpg,1
Weevil (345).jpg,1
Weevil (338).jpg,1
Weevil (444).jpg,1
Weevil (253).jpg,1
Weevil (80).jpg,1
Weevil (223).jpg,1
Weevil (264).jpg,1
Weevil (479).jpg,1
Weevil (98).jpg,1
Weevil (44).jpg,1
Weevil (49).jpg,1
Weevil (217).jpg,1
Weevil (423).jpg,0
Weevil (121).jpg,1
Weevil (449).jpg,1
Weevil (10).jpg,1
Weevil (363).jpg,1
Weevil (450).jpg,0
Weevil (373).jpg,1
Weevil (261).jpg,1
Weevil (204).jpg,1
Weevil (251).jpg,1
Weevil (104).jpg,1
Weevil (109).jpg,1
Weevil (29).jpg,1
Weevil (70).jpg,1
Weevil (85).jpg,1
Weevil (487).jpg,1
Weevil (385).jpg,1
Weevil (83).jpg,1
Weevil (47).jpg,1
Weevil (60).jpg,1
Weevil (272).jpg,1
Weevil (288).jpg,1
Weevil (354).jpg,1
Weevil (136).jpg,1
Weevil (343).jpg,1
Weevil (324).jpg,1
Weevil (415).jpg,1
Weevil (390).jpg,1
Weevil (466).jpg,1
Weevil (188).jpg,1
Weevil (269).jpg,1
Weevil (447).jpg,1
Weevil (228).jpg,1
Weevil (156).jpg,1
Weevil (372).jpg,1
Weevil (183).jpg,1
Weevil (128).jpg,1
Weevil (21).jpg,1
Weevil (127).jpg,1
Weevil (260).jpg,1
Weevil (431).jpg,1
Weevil (139).jpg,1
Weevil (88).jpg,1
Weevil (443).jpg,1
Weevil (351).jpg,1
Weevil (196).jpg,1
Weevil (410).jpg,1
Weevil (273).jpg,1
Weevil (486).jpg,1
Weevil (26).jpg,1
Weevil (81).jpg,1
Weevil (87).jpg,1
Weevil (123).jpg,1
Weevil (318).jpg,1
Weevil (182).jpg,1
Weevil (459).jpg,1
Weevil (145).jpg,1
Weevil (175).jpg,1
Weevil (265).jpg,1
Weevil (245).jpg,1
Weevil (280).jpg,1
Weevil (61).jpg,1
Weevil (485).jpg,1
Weevil (401).jpg,1
Weevil (271).jpg,1
Weevil (230).jpg,1
Weevil (475).jpg,1
Weevil (185).jpg,1
Weevil (201).jpg,1
Weevil (194).jpg,1
Weevil (336).jpg,1
Weevil (222).jpg,1
Weevil (214).jpg,1
Weevil (130).jpg,1
Weevil (347).jpg,1
Weevil (312).jpg,1
Weevil (392).jpg,1
Weevil (62).jpg,1
Weevil (191).jpg,1
Weevil (99).jpg,1
Weevil (242).jpg,1
Weevil (158).jpg,1
Weevil (427).jpg,1
Weevil (422).jpg,1
Weevil (402).jpg,1
Weevil (30).jpg,1
Weevil (180).jpg,1
Weevil (229).jpg,1
Weevil (57).jpg,1
Weevil (341).jpg,1
Weevil (256).jpg,1
Weevil (455).jpg,1
Weevil (227).jpg,1
Weevil (216).jpg,1
Weevil (316).jpg,1
Weevil (75).jpg,1
Weevil (381).jpg,1
Weevil (153).jpg,1
Weevil (284).jpg,1
Weevil (326).jpg,1
Weevil (337).jpg,1
Weevil (187).jpg,1
Weevil (50).jpg,1
Weevil (135).jpg,1
Weevil (199).jpg,1
Weevil (205).jpg,1
Weevil (164).jpg,1
Weevil (448).jpg,1
Weevil (425).jpg,1
Weevil (198).jpg,1
Weevil (409).jpg,1
Weevil (379).jpg,1
Weevil (292).jpg,1
Weevil (119).jpg,1
Weevil (190).jpg,1
Weevil (144).jpg,1
Weevil (353).jpg,1
Weevil (349).jpg,1
Weevil (131).jpg,1
Weevil (94).jpg,1
Weevil (55).jpg,1
Weevil (54).jpg,1
Weevil (19).jpg,1
Weevil (246).jpg,1
Weevil (307).jpg,1
Weevil (4).jpg,1
Weevil (463).jpg,1
Weevil (263).jpg,1
Weevil (472).jpg,1
Weevil (239).jpg,1
Weevil (243).jpg,1
Weevil (299).jpg,1
Weevil (207).jpg,1
Weevil (133).jpg,1
Weevil (11).jpg,1
Weevil (72).jpg,1
Weevil (426).jpg,1
Weevil (411).jpg,1
Weevil (404).jpg,1
Weevil (155).jpg,1
Weevil (184).jpg,1
Weevil (167).jpg,1
Weevil (306).jpg,1
Weevil (12).jpg,1
Weevil (439).jpg,1
Weevil (339).jpg,1
Weevil (74).jpg,1
Weevil (314).jpg,1
Weevil (380).jpg,1
Weevil (249).jpg,1
Weevil (408).jpg,1
Weevil (53).jpg,1
Weevil (334).jpg,1
Weevil (210).jpg,1
Weevil (52).jpg,1
Weevil (171).jpg,1
Weevil (420).jpg,1
Weevil (482).jpg,1
Weevil (424).jpg,1
Weevil (46).jpg,1
Weevil (331).jpg,1
Weevil (42).jpg,1
Weevil (232).jpg,1
Weevil (335).jpg,1
Weevil (147).jpg,1
Weevil (319).jpg,1
Weevil (141).jpg,1
Weevil (221).jpg,1
Weevil (456).jpg,1
Weevil (252).jpg,1
Weevil (169).jpg,1
Weevil (237).jpg,1
Weevil (124).jpg,1
Weevil (301).jpg,1
Weevil (474).jpg,1
Weevil (386).jpg,1
Weevil (371).jpg,1
Weevil (391).jpg,1
Weevil (150).jpg,1
Weevil (58).jpg,1
Weevil (419).jpg,1
Weevil (112).jpg,1
Weevil (69).jpg,1
Weevil (429).jpg,1
Weevil (134).jpg,1
Weevil (480).jpg,1
Weevil (294).jpg,1
Weevil (14).jpg,1
Weevil (16).jpg,1
Weevil (395).jpg,1
Weevil (162).jpg,1
Weevil (320).jpg,1
Weevil (344).jpg,1
Weevil (406).jpg,1
Weevil (157).jpg,1
Weevil (481).jpg,1
Weevil (23).jpg,1
Weevil (297).jpg,1
Weevil (359).jpg,1
Weevil (20).jpg,1
Weevil (224).jpg,1
Weevil (25).jpg,1
Weevil (430).jpg,1
Weevil (302).jpg,1
Weevil (470).jpg,1
Weevil (117).jpg,1
Weevil (346).jpg,1
Weevil (407).jpg,1
Weevil (165).jpg,1
Weevil (38).jpg,1
Weevil (76).jpg,1
Weevil (110).jpg,1
Weevil (293).jpg,1
Weevil (325).jpg,1
Weevil (24).jpg,1
Weevil (329).jpg,1
Weevil (451).jpg,1
Weevil (460).jpg,1
Weevil (279).jpg,1
Weevil (170).jpg,1
Weevil (37).jpg,1
Weevil (93).jpg,1
Weevil (178).jpg,1
Weevil (432).jpg,1
Weevil (113).jpg,1
Weevil (200).jpg,1
Weevil (440).jpg,1
Weevil (300).jpg,1
Weevil (177).jpg,1
Weevil (471).jpg,1
Weevil (206).jpg,1
Weevil (111).jpg,1
Weevil (484).jpg,1
Weevil (43).jpg,1
Weevil (352).jpg,1
Weevil (241).jpg,1
Weevil (226).jpg,1
Weevil (278).jpg,1
Weevil (464).jpg,1
Weevil (208).jpg,1
Weevil (125).jpg,1
Weevil (327).jpg,1
Weevil (396).jpg,1
Weevil (255).jpg,1
Weevil (189).jpg,1
Weevil (428).jpg,1
Weevil (238).jpg,1
Weevil (362).jpg,1
Weevil (375).jpg,1
Weevil (151).jpg,1
Weevil (274).jpg,1
Weevil (259).jpg,1
Weevil (115).jpg,1
Weevil (166).jpg,1
Weevil (160).jpg,1
Weevil (250).jpg,1
Weevil (18).jpg,1
Weevil (303).jpg,1
Weevil (469).jpg,1
Weevil (483).jpg,1
Weevil (51).jpg,1
Weevil (100).jpg,1
Weevil (149).jpg,1
Weevil (403).jpg,1
Weevil (143).jpg,1
Weevil (317).jpg,1
Weevil (376).jpg,1
Weevil (33).jpg,1
Weevil (383).jpg,1
Weevil (370).jpg,1
Weevil (9).jpg,1
Weevil (289).jpg,1
Weevil (39).jpg,1
Weevil (96).jpg,1
Weevil (168).jpg,1
Weevil (3).jpg,1
Weevil (387).jpg,1
Weevil (197).jpg,1
Weevil (257).jpg,1
Weevil (442).jpg,1
Weevil (412).jpg,1
Weevil (433).jpg,1
Weevil (446).jpg,1
Weevil (332).jpg,1
Weevil (369).jpg,1
Weevil (328).jpg,1
Weevil (78).jpg,1
Weevil (73).jpg,1
Weevil (397).jpg,1
Weevil (138).jpg,1
Weevil (286).jpg,1
Weevil (122).jpg,1
Weevil (333).jpg,1
Weevil (67).jpg,1
Weevil (5).jpg,1
Weevil (132).jpg,1
Weevil (195).jpg,1
Weevil (413).jpg,1
Weevil (146).jpg,1
Weevil (28).jpg,1
Weevil (8).jpg,1
Weevil (137).jpg,1
Weevil (277).jpg,1
Weevil (95).jpg,1
Weevil (358).jpg,1
Weevil (56).jpg,1
Weevil (192).jpg,1
Weevil (340).jpg,1
Weevil (41).jpg,1
Weevil (436).jpg,1
Weevil (202).jpg,1
Weevil (106).jpg,1
Weevil (360).jpg,1
Weevil (365).jpg,0
Weevil (36).jpg,1
Weevil (377).jpg,1
Weevil (478).jpg,1
Weevil (17).jpg,1
Weevil (374).jpg,1
Weevil (79).jpg,1
Weevil (321).jpg,1
Weevil (465).jpg,1
Weevil (364).jpg,1
Weevil (291).jpg,1
Weevil (71).jpg,1
Weevil (181).jpg,1
Weevil (355).jpg,1
Weevil (452).jpg,1
Weevil (281).jpg,1
Weevil (368).jpg,1
Weevil (311).jpg,1
Weevil (330).jpg,1
Weevil (22).jpg,1
Weevil (285).jpg,1
Weevil (126).jpg,1
Weevil (86).jpg,1
Weevil (266).jpg,1
Weevil (193).jpg,1
Weevil (103).jpg,1
Weevil (457).jpg,1
Weevil (218).jpg,1
Weevil (454).jpg,1
Weevil (323).jpg,1
Weevil (108).jpg,1
Weevil (219).jpg,1
Weevil (394).jpg,1
Weevil (152).jpg,1
Weevil (384).jpg,1
Weevil (400).jpg,1
Weevil (467).jpg,1
Weevil (45).jpg,1
Weevil (48).jpg,1
Weevil (59).jpg,1
Weevil (105).jpg,1
Weevil (215).jpg,1
Weevil (101).jpg,1
Weevil (366).jpg,1
Weevil (142).jpg,1
Weevil (212).jpg,1
Weevil (461).jpg,1
Weevil (298).jpg,1
Weevil (458).jpg,1
Weevil (220).jpg,1
Weevil (438).jpg,1
Weevil (13).jpg,1
Weevil (66).jpg,1
Weevil (63).jpg,1
Weevil (434).jpg,1
Weevil (398).jpg,1
Weevil (68).jpg,1
Weevil (211).jpg,1
Weevil (309).jpg,1
Weevil (276).jpg,1
Weevil (393).jpg,1
Weevil (290).jpg,1
Weevil (356).jpg,1
Weevil (308).jpg,1
Weevil (102).jpg,1
Weevil (315).jpg,1
Weevil (154).jpg,1
Weevil (120).jpg,1
Weevil (357).jpg,1
Weevil (283).jpg,1
Weevil (64).jpg,1
Weevil (209).jpg,1
Weevil (258).jpg,1
Weevil (287).jpg,1
Weevil (348).jpg,1
Weevil (445).jpg,1
Weevil (116).jpg,1
Weevil (453).jpg,1
Weevil (248).jpg,1
Weevil (82).jpg,1
Weevil (27).jpg,1
Weevil (92).jpg,1
Weevil (414).jpg,1
Weevil (476).jpg,1
Weevil (378).jpg,1
Weevil (236).jpg,1
Weevil (262).jpg,1
Weevil (234).jpg,1
Weevil (435).jpg,1
Weevil (91).jpg,1
Weevil (295).jpg,1
Weevil (296).jpg,1
Weevil (441).jpg,1
Weevil (417).jpg,1
Weevil (322).jpg,1
Weevil (282).jpg,1
Weevil (468).jpg,1
Weevil (418).jpg,1
Weevil (161).jpg,1
Weevil (240).jpg,1
Weevil (179).jpg,1
Weevil (84).jpg,1
Weevil (15).jpg,1
Weevil (203).jpg,1
Weevil (159).jpg,1
Weevil (32).jpg,1
Weevil (477).jpg,1
Weevil (140).jpg,1
Weevil (176).jpg,1
Weevil (462).jpg,1
Weevil (174).jpg,1
Weevil (114).jpg,1
Weevil (399).jpg,1
Weevil (304).jpg,1
Weevil (65).jpg,1
Weevil (231).jpg,1
Weevil (247).jpg,1
Weevil (275).jpg,1
Weevil (213).jpg,1
Weevil (268).jpg,1
Weevil (89).jpg,1
Weevil (361).jpg,1
Weevil (244).jpg,1
Weevil (313).jpg,1
Weevil (90).jpg,1
Weevil (421).jpg,1
Weevil (305).jpg,1
Weevil (40).jpg,1
Weevil (233).jpg,1
Weevil (310).jpg,1
Weevil (129).jpg,1
Weevil (6).jpg,1
Weevil (342).jpg,1
Weevil (107).jpg,1
Weevil (148).jpg,1
Weevil (97).jpg,1
Weevil (34).jpg,1
Weevil (186).jpg,1
Weevil (367).jpg,1
Weevil (254).jpg,1
Weevil (7).jpg,1
Weevil (382).jpg,1
Weevil (267).jpg,1
Weevil (225).jpg,1
Weevil (405).jpg,1
Weevil (163).jpg,1
Weevil (172).jpg,1
Weevil (31).jpg,1
Weevil (270).jpg,1
Weevil (473).jpg,1
Weevil (118).jpg,1
Weevil (35).jpg,1
Weevil (388).jpg,1
Weevil (437).jpg,1
Weevil (235).jpg,1
Weevil (350).jpg,1
Weevil (416).jpg,1
